DevGroup,Module,PrjPath,AssemblyName,BuildStage,IsNeedBuild
SCF,GSF,Src\GSF\Caching\Caching.csproj,Inspur.GSP.Gsf.Caching,10Framework,True
SCF,GSF,Src\GSF\Common\Common.csproj,Inspur.GSP.Gsf.Common,10Framework,True
SCF,GSF,Src\GSF\Configuration\Configuration\Configuration.csproj,Inspur.GSP.Gsf.Configuration,10Framework,True
SCF,GSF,Src\GSF\Controls\Gsf.Controls.ActiveXControls\ActiveXControls.csproj,Inspur.GSP.Gsf.Controls.ActiveXControl,10Framework,True
SCF,GSF,Src\GSF\Controls\Gsf.Controls.HtmlEditor\HtmlEditorControl.csproj,Inspur.GSP.Gsf.Controls.HTMLEditorControl,10Framework,True
SCF,GSF,Src\GSF\Controls\Gsf.Controls.SyntaxData\SyntaxData.csproj,Inspur.GSP.Gsf.Controls.SyntaxData,10Framework,True
SCF,GSF,Src\GSF\Controls\Gsf.Controls.SyntaxRichEdit\SyntaxRichEdit.csproj,Inspur.GSP.Gsf.Controls.SyntaxRichEdit,10Framework,True
SCF,GSF,Src\GSF\Controls\Gsf.Controls.WinForms\Genersoft.Platform.Controls.WinForms.csproj,Inspur.GSP.Gsf.Controls.WinForms,10Framework,True
SCF,GSF,Src\GSF\DataAccess\DataAccess.csproj,Inspur.GSP.Gsf.DataAccess,10Framework,True
SCF,GSF,Src\GSF\Event\Event.csproj,Inspur.GSP.Gsf.Event,10Framework,True
SCF,GSF,Src\GSF\Exception\Old\Exception\Exception.csproj,Inspur.GSP.Gsf.Exception,10Framework,True
SCF,GSF,Src\GSF\Logging\Logging\Logging.csproj,Inspur.GSP.Gsf.Logging,10Framework,True
SCF,GSF,Src\GSF\Serialization\protobuf\protobuf-net.csproj,Inspur.GSP.Gsf.Protobuf,10Framework,True
SCF,GSF,Src\GSF\ServiceManager\Autofac.Configuration\Autofac.Configuration.csproj,Inspur.GSP.Gsf.Autofac.Configuration,10Framework,True
SCF,GSF,Src\GSF\ServiceManager\Autofac\Autofac.csproj,Inspur.GSP.Gsf.Autofac,10Framework,True
SCF,GSF,Src\GSF\ServiceManager\ServiceManager\ServiceMgr.csproj,Inspur.GSP.Gsf.ServiceMgr,10Framework,True
SCF,GSF,Src\GSF\Session\GspSession\GSPSession.csproj,Inspur.GSP.Gsf.Session,10Framework,True
SCF,GSF,Src\GSF\Transactions\Transaction\Transaction.csproj,Inspur.GSP.Gsf.Transactions,10Framework,True
SCF,GSF,Src\GSF\TypeSelection\TypeSelection.csproj,Inspur.GSP.Gsf.TypeSelection,10Framework,True
SCF,GSF,Src\GSF\Unity\ServiceLocation\ServiceLocation.csproj,Inspur.GSP.Gsf.ServiceLocation,10Framework,True
SCF,GSF,Src\GSF\Unity\Unity.Configuration\Unity.Configuration.2010.csproj,Inspur.GSP.Gsf.Unity.Configuration,10Framework,True
SCF,GSF,Src\GSF\Unity\Unity.Interception.Configuration\Unity.Interception.Configuration.2010.csproj,Inspur.GSP.Gsf.Unity.Interception.Configuration,10Framework,True
SCF,GSF,Src\GSF\Unity\Unity.Interception\Unity.Interception.2010.csproj,Inspur.GSP.Gsf.Unity.Interception,10Framework,True
SCF,GSF,Src\GSF\Unity\Unity\Unity.2010.csproj,Inspur.GSP.Gsf.Unity,10Framework,True
SCF,GSF,Src\GSF\Xml\Xml.csproj,Inspur.GSP.Gsf.Xml,10Framework,True
ADP,BEF,Src\BEF\Api\Bef.Api.csproj,Inspur.GSP.Bef.Api,20Interface,True
ADP,BEF,Src\BEF\BizEntity\BizEntity.csproj,Inspur.GSP.Bef.BizEntity,20Interface,True
ADP,BEF,Src\BEF\DTSpi\Bef.DTSpi.csproj,Inspur.GSP.Bef.DTSpi,20Interface,True
ADP,BEF,Src\BEF\Spi\Bef.Spi.csproj,Inspur.GSP.Bef.Spi,20Interface,True
ADP,CDP,Src\CDP\BizComponent\Api\BizComponentApi.csproj,Inspur.GSP.Cdp.BizComponent.Api,20Interface,True
ADP,CDP,Src\CDP\BizComponent\EngineApi\BizComponentEngineApi.csproj,Inspur.GSP.Cdp.BizComponent.EngineApi,20Interface,True
ADP,CDP,Src\CDP\BizComponent\Resource\BizComponentResource.csproj,Inspur.GSP.Cdp.BizComponent.Resource,20Interface,True
ADP,CDP,Src\CDP\Definition\Metadata\ComponentApi.csproj,Inspur.GSP.Cdp.Definition.Api,20Interface,True
ADP,CDP,Src\CDP\Definition\Spi\ComponentDefinitionSpi.csproj,Inspur.GSP.Cdp.Definition.Spi,20Interface,True
ADP,CDP,Src\CDP\Engine\Api\EngineApi.csproj,Inspur.GSP.Cdp.Engine.Api,20Interface,True
ADP,DAS,Src\DAS\CommonDataType\Metadata\CommonDataType.csproj,Inspur.GSP.Das.CommonDataType,20Interface,True
ADP,DAS,Src\DAS\CommonModel\Metadata\CommonModel.csproj,Inspur.GSP.Das.CommonModel,20Interface,True
ADP,DAS,Src\DAS\Dae\Api\DaeApi.csproj,Inspur.GSP.Das.Dae.Api,20Interface,True
ADP,DAS,Src\DAS\Dae\QueryPolicy\DaeQueryPolicy.csproj,Inspur.GSP.Das.Dae.QueryPolicy,20Interface,True
ADP,DAS,Src\DAS\Dae\Resource\DaeResource.csproj,Inspur.GSP.Das.Dae.Resource,20Interface,True
ADP,DAS,Src\DAS\Dae\Spi\DaeSpi.csproj,Inspur.GSP.Das.Dae.Spi,20Interface,True
ADP,DAS,Src\DAS\DataModel\Api\DataModelApi.csproj,Inspur.GSP.Das.DataModel.Api,20Interface,True
ADP,DAS,Src\DAS\DataModel\Spi\DataModelSpi.csproj,Inspur.GSP.Das.DataModel.Spi,20Interface,True
ADP,DAS,Src\DAS\DataObject\Api\DataObjectApi.csproj,Inspur.GSP.Das.DataObject.Api,20Interface,True
ADP,DAS,Src\DAS\DataObject\Spi\DataObjectSpi.csproj,Inspur.GSP.Das.DataObject.Spi,20Interface,True
DIP,DIP,Src\DIP\Common\DipApi\DipApi.csproj,Inspur.GSP.Dip.Api,20Interface,True
DIP,DIP,Src\DIP\DataImportExport\DesignerApi\DesignApi.csproj,Inspur.GSP.Dip.IED.Design.Api,20Interface,True
DIP,DIP,Src\DIP\DataImportExport\EngineApi\EngineApi.csproj,Inspur.GSP.Dip.IED.Engine.Api,20Interface,True
DIP,DIP,Src\DIP\DipAdmin\DIPackageManagement\PkgMgrApi\PkgMgrApi.csproj,Inspur.Gsp.Dip.PkgMgr.Api,20Interface,True
DIP,DIP,Src\DIP\DipCore\Components\ChangeDataCapture\ChangeDataCaptureApi\IncrementApi.csproj,Inspur.GSP.Dip.Cdc.Api,20Interface,True
DIP,DIP,Src\DIP\DipCore\Components\Extraction\ExtractionApi\ExtractionApi.csproj,Inspur.GSP.Dip.Extraction.Api,20Interface,True
DIP,DIP,Src\DIP\DipCore\Components\Load\LoadApi\LoadApi.csproj,Inspur.GSP.Dip.Load.Api,20Interface,True
DIP,DIP,Src\DIP\DipCore\Components\Mapping\MappingDesignerApi\MappingDesignerApi.csproj,Inspur.GSP.Dip.Mapping.Designer.Api,20Interface,True
DIP,DIP,Src\DIP\DipCore\Components\Mapping\MappingEngineApi\MappingEngineApi.csproj,Inspur.GSP.Dip.Mapping.Engine.Api,20Interface,True
DIP,DIP,Src\DIP\DipCore\Components\Validation\ValidationApi\ValidationApi.csproj,Inspur.GSP.Dip.Validation.Api,20Interface,True
DIP,DIP,Src\DIP\DipCore\Components\ValueMapping\ValueMappingApi\ValueMappingApi.csproj,Inspur.GSP.Dip.ValueMapping.Api,20Interface,True
DIP,DIP,Src\DIP\DipCore\Designer\DesignerApi\DesignerApi.csproj,Inspur.GSP.Dip.Designer.Api,20Interface,True
DIP,DIP,Src\DIP\DipCore\Engine\EngineApi\EngineApi.csproj,Inspur.GSP.Dip.Engine.Api,20Interface,True
ADP,Form,Src\Form\Customize\Api\CustomizeApi.csproj,Inspur.GSP.Customize.Api,20Interface,True
ADP,Form,Src\Form\FormServer\Spi\FormServer.Spi.csproj,Inspur.GSP.FormServer.Spi,20Interface,True
ADP,Form,Src\Form\FormServer\ViewModel\ViewModel.csproj,Inspur.GSP.FormServer.ViewModel,20Interface,True
ADP,Form,Src\Form\Help\Api\HelpApi.csproj,Inspur.GSP.Forms.Help.Api,20Interface,True
ADP,Form,Src\Form\StateMachine\Metadata\StateMachine.csproj,Inspur.GSP.Forms.StateMachine,20Interface,True
ADP,Form,Src\Form\Win\Controller\Api\FormControllerApi.csproj,Inspur.GSP.Forms.Win.Controller.Api,20Interface,True
ADP,Form,Src\Form\Win\Controller\Common\FormControllerCommon.csproj,Inspur.GSP.Forms.Win.Controller.Common,30Component,True
ADP,Form,Src\Form\Win\Definition\FormDefinition\FormDefinition.csproj,Inspur.GSP.Forms.Win.Definition,20Interface,True
ADP,Form,Src\Form\Win\Engine\Api\FormEngineApi.csproj,Inspur.GSP.Forms.Win.Engine.Api,20Interface,True
ADP,Form,Src\Form\Win\Engine\Booster\FormEngineBooster.csproj,Inspur.GSP.Forms.Win.Engine.Booster,30Component,True
ADP,Form,Src\Form\Win\Engine\Spi\FormEngineSpi.csproj,Inspur.GSP.Forms.Win.Engine.Spi,20Interface,True
ADP,Form,Src\Form\Win\Engine\StyleSolutionDefinition\StyleSolutionDefinition.csproj,Inspur.GSP.Forms.Win.Engine.StyleSolutionDefinition,20Interface,True
SCF,GSF,Src\GSF\I18N\Framwork\Api\Framework.Api.csproj,Inspur.GSP.Gsf.I18N.Framework.Api,20Interface,True
SCF,GSF,Src\GSF\Logging\ClientLog\ClientLogApi\ClientLogApi.csproj,Inspur.GSP.Gsf.ClientLogging.Api,20Interface,True
LCM,LCM,Src\LCM\Arifact\Release\Api\Api.csproj,Inspur.GSP.Lcm.Artifact.Release.Api,20Interface,True
LCM,LCM,Src\LCM\Arifact\Release\Spi\Spi.csproj,Inspur.GSP.Lcm.Artifact.Release.Spi,20Interface,True
LCM,LCM,Src\LCM\Metadata\MetadataApi\MetadataApi.csproj,Inspur.GSP.Lcm.Metadata.Runtime.Api,20Interface,True
LCM,LCM,Src\LCM\Metadata\MetadataDTApi\MetadataDTApi.csproj,Inspur.GSP.Lcm.Metadata.Designtime.Api,20Interface,True
LCM,LCM,Src\LCM\Metadata\MetadataDTSpi\MetadataDTSpi.csproj,Inspur.GSP.Lcm.Metadata.Designtime.Spi,20Interface,True
LCM,LCM,Src\LCM\Metadata\MetadataSpi\MetadataSpi.csproj,Inspur.GSP.Lcm.Metadata.Runtime.Spi,20Interface,True
LCM,LCM,Src\LCM\PresetData\Api\Api.csproj,Inspur.GSP.Lcm.PresetData.Api,20Interface,True
SCF,QDP,Src\QDP\Common\Qdp.Runtime.Entity\Qdp.Runtime.Entity.csproj,Inspur.GSP.Qdp.Runtime.Entity,20Interface,True
SCF,QDP,Src\QDP\Web\MobileBillQuery\Qdp.MobileBillQuery.Api\Qdp.MobileBillQuery.Api.csproj,Inspur.GSP.Qdp.MobileBillQuery.Api,20Interface,True
SCF,QDP,Src\QDP\Web\MobileBillQuery\Qdp.MobileBillQuery.BizAdapter\Qdp.MobileBillQuery.BizAdapter.csproj,Inspur.GSP.Qdp.MobileBillQuery.BizAdapter,20Interface,True
SCF,QDP,Src\QDP\Web\MobileBillQuery\Qdp.MobileBillQuery.SPI\Qdp.MobileBillQuery.Spi.csproj,Inspur.GSP.Qdp.MobileBillQuery.Spi,20Interface,True
SCF,QDP,Src\QDP\Web\MobileBillQuery\Qdp.MobileBillQuery.Utils\Qdp.MobileBillQuery.Utils.csproj,Inspur.GSP.Qdp.MobileBillQuery.Utils,20Interface,True
SCF,QDP,Src\QDP\Web\WebQuery\Api\WebQuery.Api.csproj,Inspur.GSP.Qdp.WebQuery.Api,20Interface,True
SCF,QDP,Src\QDP\Win\Designer\Qdp.Designer.Spi\Qdp.Designer.Spi.csproj,Inspur.GSP.Qdp.Designer.Spi,20Interface,True
SCF,QDP,Src\QDP\Win\Designer\Qdp.Entity\Qdp.Entity.csproj,Inspur.GSP.Qdp.Entity,20Interface,True
SCF,QDP,Src\QDP\Win\Runtime\Qdp.Runtime.Api\Qdp.Runtime.Api.csproj,Inspur.GSP.Qdp.Runtime.Api,20Interface,True
SCF,RTF,Src\RTF\RTFCommon\ApiAC\ApiAccessControlCore\ApiAcCore.csproj,Inspur.GSP.Rtf.ApiAC.Core,20Interface,True
SCF,RTF,Src\RTF\RTFCommon\ApiAC\ApiAccessControlSpi\ApiAcApi.csproj,Inspur.GSP.Rtf.ApiAC.Api,20Interface,True
SCF,RTF,Src\RTF\RTFCommon\ApiAC\ApiAccessControlWebService\ApiAcWebService.csproj,Inspur.GSP.Rtf.ApiAC.WebService,20Interface,True
SCF,RTF,Src\RTF\RTFCommon\ApiAC\ApiACService\ApiAcRemoteClient.csproj,Inspur.GSP.Rtf.ApiAC.RemoteClient,20Interface,True
SCF,RTF,Src\RTF\RTFCommon\Authentication\AuthenticationSPI\GSPAuthenticationApi.csproj,Inspur.GSP.Rtf.Authentication.Api,20Interface,True
SCF,RTF,Src\RTF\RTFCommon\Authentication\SignCertificateApi\CertificateApi.csproj,Inspur.GSP.Rtf.Certificate.Api,20Interface,True
SCF,RTF,Src\RTF\RTFCommon\Authentication\SignCertificateSpi\SignCertificateSpi.csproj,Inspur.GSP.Rtf.SignCertificate.Spi,20Interface,True
SCF,RTF,Src\RTF\RTFCommon\License\License\License.csproj,Genersoft.GS.Public.License,20Interface,True
SCF,RTF,Src\RTF\RTFCommon\License\LicenseSPI\LicAuthApi.csproj,Inspur.GSP.LicAuth.Api,20Interface,True
SCF,RTF,Src\RTF\RTFCommon\Remoting\RemotingService\Remoting.csproj,Inspur.GSP.Rtf.Remoting,20Interface,True
SCF,RTF,Src\RTF\RTFCore\Communication\CommunicationClient\CommunicationClient.csproj,Inspur.GSP.Rtf.Communication.Client,20Interface,True
SCF,RTF,Src\RTF\RTFCore\Communication\CommunicationCore\CommunicationCore.csproj,Inspur.GSP.Rtf.Communication.Core,20Interface,True
SCF,RTF,Src\RTF\RTFCore\Communication\CommunicationEntity\CommunicationEntity.csproj,Inspur.GSP.Rtf.Communication.Entity,20Interface,True
SCF,RTF,Src\RTF\RTFCore\Communication\CommunicationService\CommunicationService.csproj,Inspur.GSP.Rtf.Communication.Service,20Interface,True
SCF,RTF,Src\RTF\RTFCore\Navigation\Function\FunctionSPI\FunctionAPI.csproj,Inspur.GSP.Rtf.Function.Api,20Interface,True
SCF,RTF,Src\RTF\RTFCore\RtfCore.Api\RtfCore.Api.csproj,Inspur.GSP.Rtf.Core.Api,20Interface,True
SCF,RTF,Src\RTF\RTFCore\RtfCore.Context\RtfCore.Context.csproj,Inspur.GSP.Rtf.Core.Context,20Interface,True
SCF,RTF,Src\RTF\RTFCore\SSO\GSPSSOAuthenticationSPI\GSPSSOAuthenticationSPI.csproj,Inspur.GSP.Rtf.Security.SSOAuthentication.SPI,20Interface,True
SCF,RTF,Src\RTF\SmartClient\ClientUpdate\ClientUpdate.Api\ClientUpdate.Api.csproj,Inspur.GSP.Rtf.ClientUpdate.Api,20Interface,True
SCF,RTF,Src\RTF\SmartClient\SmartClient.Api\SmartClient.Api.csproj,Inspur.GSP.Rtf.SmartClient.Api,20Interface,True
SCF,RTF,Src\RTF\SmartClient\SmartClient.GuiBase\SmartClient.GuiBase.csproj,Inspur.GSP.Rtf.SmartClient.GuiBase,20Interface,True
DIP,SVC,Src\SVC\Asynch\AsynchronousApi\AsynApi.csproj,Inspur.GSP.Svc.Asynch.Api,20Interface,True
DIP,SVC,Src\SVC\Asynch\AsynchronousEpi\AsynEpi.csproj,Inspur.GSP.Svc.Asynch.Epi,20Interface,True
SCF,SVC,Src\SVC\BillPrint\Svc.BillPrint.Api\Svc.BillPrint.Api.csproj,Inspur.GSP.Svc.BillPrint.Api,20Interface,True
SCF,SVC,Src\SVC\BillPrint\Svc.PrintService.Api\Svc.PrintService.Api.csproj,Inspur.GSP.Svc.PrintService.Api,20Interface,True
SCF,SVC,Src\SVC\BizChangeLogging\Api\BizChangeLogging.Api.csproj,Inspur.GSP.Svc.BizChangeLogging.Api,20Interface,True
SCF,SVC,Src\SVC\BizEvent\BizEvent\BizEventSpi\BizEventApi.csproj,Inspur.GSP.Svc.BizEvent.Api,20Interface,True
ADP,SVC,Src\SVC\BusinessObject\GSPBusinessObjectSPI\BusinessObjectApi.csproj,Inspur.GSP.Svc.BusinessObject.Api,20Interface,True
ADP,SVC,Src\SVC\BusinessObject\Spi\BusinessObjectSpi.csproj,Inspur.GSP.Svc.BusinessObject.Spi,20Interface,True
SCF,SVC,Src\SVC\ClientDataCache\CacheEntity\CacheEntity.csproj,Inspur.GSP.Svc.ClientCaching.Entity,20Interface,True
SCF,SVC,Src\SVC\ClientDataCache\CacheEPI\CacheSpi.csproj,Inspur.GSP.Svc.ClientCaching.Spi,20Interface,True
SCF,SVC,Src\SVC\ClientDataCache\CacheSPI\CacheApi.csproj,Inspur.GSP.Svc.ClientCaching.Api,20Interface,True
SCF,SVC,Src\SVC\DataChangeCapture\DeleteData\Api\DeleteData.Api.csproj,Inspur.GSP.Svc.DeleteData.Api,20Interface,True
SCF,SVC,Src\SVC\DataSource\DataSourceApi\DataSourceApi.csproj,Inspur.GSP.Svc.DataSource.Api,20Interface,True
SCF,SVC,Src\SVC\EarlyWarning\EarlyWarning.Api\EarlyWarning.Api.csproj,Inspur.GSP.Svc.EarlyWarning.Api,20Interface,True
SCF,SVC,Src\SVC\Expression\Svc.Expression.Api\Svc.Expression.Api.csproj,Inspur.GSP.Svc.Expression.Api,20Interface,True
SCF,SVC,Src\SVC\LockService\CCMApi\CCMAPI.csproj,Inspur.GSP.Svc.LockService.Api,20Interface,True
SCF,SVC,Src\SVC\Message\Message.Api\MessageApi.csproj,Inspur.GSP.Svc.Message.Api,20Interface,True
DIP,SVC,Src\SVC\MessageQueue\GmqApi\GmqApi.csproj,Inspur.GSP.Svc.MQ.Api,20Interface,True
DIP,SVC,Src\SVC\MessageQueue\GmqTaskSpi\GmqTaskSpi.csproj,Inspur.GSP.Svc.MQ.Listener.GmqTaskSpi,20Interface,True
ADP,SVC,Src\SVC\Numbering\Api\NumberingApi.csproj,Inspur.GSP.Svc.Numbering.Api,20Interface,True
ADP,SVC,Src\SVC\Print\Print\PrintApi.csproj,Inspur.GSP.Svc.Print.Api,20Interface,True
SCF,SVC,Src\SVC\Schedule\Schedule.Api\Schedule.Api.csproj,Inspur.GSP.Svc.Schedule.Api,20Interface,True
SCF,SVC,Src\SVC\TempObject\TempObject.Api\TempObject.Api.csproj,Inspur.GSP.Svc.TempObject.Api,20Interface,True
SCF,SVC,Src\SVC\UniFileManager\Svc.UniFileMgr.Api\Svc.UniFileMgr.Api.csproj,Inspur.GSP.Svc.UniFileMgr.Api,20Interface,True
SCF,SYS,Src\SYS\Admin\Audit\GSPAuditSPI\GSPAuditAPI.csproj,Inspur.GSP.Sys.Audit.Api,20Interface,True
SCF,SYS,Src\SYS\Admin\UserState\GSPStakeoutSPI\GSPStakeoutAPI.csproj,Inspur.GSP.Sys.UserState.Api,20Interface,True
SCF,SYS,Src\SYS\Context\CustomVariable\CustomVariableApi\CustomVariableApi.csproj,Inspur.GSP.Sys.Context.CustomVariable.Api,20Interface,True
SCF,SYS,Src\SYS\RAC\Security\GSPSecuritySPI\GSPSecuritySPI.csproj,Genersoft.Platform.Security.SecuritySPI,20Interface,True
SCF,SYS,Src\SYS\SysBase\SysManager\GSPSecurityManagementSPI\GSPSecurityManagementSPI.csproj,Genersoft.Platform.Security.SecurityManagementSPI,20Interface,True
SCF,SYS,Src\SYS\SysBase\SysManager\GSPSysManagerSPI\GSPSysManagerAPI.csproj,Genersoft.Platform.Security.SysManagerSPI,20Interface,True
SCF,Tools,Src\Tools\50Patch\Src\30PatchInstall\PatchInstallSPI\PatchInstallSPI.csproj,Genersoft.Platform.GSPPatch.PatchInstallSPI,20Interface,True
WF,WF,Src\WF\BizProcess\Inspur.GSP.WF.BusinessProcess.API\Inspur.GSP.WF.BusinessProcess.Api.csproj,Inspur.GSP.WF.BusinessProcess.Api,20Interface,True
WF,WF,Src\WF\DesignTime\GSPWFDesignTimeClientSpi\Inspur.GSP.WF.DesignTime.ClientSpi.csproj,Inspur.GSP.WF.DesignTime.ClientSpi,20Interface,True
WF,WF,Src\WF\DesignTime\GSPWFDesignTimeServerSpi\Inspur.GSP.WF.DesignTime.ServerSpi.csproj,Inspur.GSP.WF.DesignTime.ServerSpi,20Interface,True
WF,WF,Src\WF\Metadata\10WorkflowResource\Inspur.GSP.WF.Resource.csproj,Inspur.GSP.WF.Resource,20Interface,True
WF,WF,Src\WF\Metadata\20WorkflowWFMC\Inspur.GSP.WF.WFMC.csproj,Inspur.GSP.WF.WFMC,20Interface,True
WF,WF,Src\WF\Metadata\40WorkflowCore\Inspur.GSP.WF.Entity.csproj,Inspur.GSP.WF.Entity,20Interface,True
WF,WF,Src\WF\Runtime\30WorkflowExtendAPI\Inspur.GSP.WF.ExtendAPI.csproj,Inspur.GSP.WF.ExtendAPI,20Interface,True
WF,WF,Src\WF\Runtime\60WorkflowClientAPI\Inspur.GSP.WF.Runtime.Api.csproj,Inspur.GSP.WF.Runtime.Api,20Interface,True
WF,WF,Src\WF\Runtime\GSPWFRuntimeClientApi\Inspur.GSP.WF.Runtime.ClientApi.csproj,Inspur.GSP.WF.Runtime.ClientApi,20Interface,True
WF,WF,Src\WF\Runtime\GSPWFRuntimeSPI\Inspur.GSP.WF.Runtime.Spi.csproj,Inspur.GSP.WF.Runtime.Spi,20Interface,True
ADP,CDP,Src\CDP\BizComponent\BasicLib\BizComponentBasicLib.csproj,Inspur.GSP.Cdp.BizComponent.BasicLib,30Component,True
ADP,Form,Src\Form\FormDesignerBase\FormDesignerBase.csproj,Inspur.GSP.Forms.Win.Definition.DesignerBase,40DomainImpl,True
ADP,Form,Src\Form\Web\Engine\Document\Document.csproj,Inspur.GSP.Forms.Web.Engine.Document,30Component,True
ADP,Form,Src\Form\Win\Controller\Controller\FormController.csproj,Inspur.GSP.Forms.Win.Controller,30Component,True
ADP,Form,Src\Form\Win\Controller\V5.2\FormController\FormController.csproj,Genersoft.Platform.XForm.FormController,30Component,True
ADP,Form,Src\Form\Win\Controller\V5.2\FormControllerBiz\FormControllerBiz.csproj,Genersoft.Platform.XForm.FormController.Biz,30Component,True
ADP,Form,Src\Form\Win\Controller\V6.0\FormController\GspFormController.csproj,Genersoft.Platform.XFormController,30Component,True
ADP,Form,Src\Form\Win\Controller\V6.0\Spi\FormControllerSpi.csproj,Genersoft.Platform.XFormController.SPI,30Component,True
ADP,Form,Src\Form\Win\Engine\60Studio.Common\Genersoft.Platform.Studio.Common.csproj,Genersoft.Platform.Studio.Common,30Component,False
ADP,Form,Src\Form\Win\Engine\Engine\FormEngine.csproj,Inspur.GSP.Forms.Win.Engine,30Component,True
ADP,Form,Src\Form\Win\Engine\StyleSolutionUI\StyleSolutionUI.csproj,Inspur.GSP.Forms.Win.Engine.StyleSolutionUI,30Component,True
LCM,LCM,Src\LCM\Ide\Explorer\Explorer.csproj,Inspur.GSP.Lcm.Ide.Explorer,30Component,True
LCM,LCM,Src\LCM\Ide\Studio\Studio.csproj,Inspur.GSP.Lcm.Ide.Studio,30Component,True
LCM,LCM,Src\LCM\Ide\StudioApi\StudioApi.csproj,Inspur.GSP.Lcm.Ide.Api,30Component,True
LCM,LCM,Src\LCM\Ide\VirtualProject\VirtualProject.csproj,Inspur.GSP.Lcm.Ide.VirtualProject,30Component,True
ADP,SVC,Src\SVC\ControlLib\Condition\ConditionControl.csproj,Inspur.GSP.Svc.ControlLib.Condition,30Component,True
ADP,SVC,Src\SVC\ControlLib\Data\DataControl.csproj,Inspur.GSP.Svc.ControlLib.Data,30Component,True
ADP,SVC,Src\SVC\ControlLib\FilterOrder\FilterOrderControl.csproj,Inspur.GSP.Svc.ControlLib.FilterOrder,30Component,True
ADP,SVC,Src\SVC\ControlLib\JsonEditon\JsonEditior.csproj,Inspur.GSP.Svc.ControlLib.JsonEditer,30Component,True
ADP,SVC,Src\SVC\ControlLib\WebExpress\WebExpression.csproj,Inspur.GSP.Svc.ControlLib.WebExpression,30Component,True
ADP,BEF,Src\BEF\Designer\Bef.Designer.csproj,Inspur.GSP.Bef.Designer,40DomainImpl,True
ADP,BEF,Src\BEF\DTClient\Bef.DTClient.csproj,Inspur.GSP.Bef.DTClient,40DomainImpl,True
ADP,BEF,Src\BEF\DTManager\Bef.DTManager.csproj,Inspur.GSP.Bef.DTManager,40DomainImpl,True
ADP,BEF,Src\BEF\Engine\Bef.Engine.csproj,Inspur.GSP.Bef.Engine,40DomainImpl,True
ADP,BEF,Src\BEF\LocalClient\Bef.LocalClient.csproj,Inspur.GSP.Bef.LocalClient,40DomainImpl,True
ADP,BEF,Src\BEF\RTManager\Bef.RTManager.csproj,Inspur.GSP.Bef.RTManager,40DomainImpl,True
ADP,CDP,Src\CDP\BizComponent\BasicServices\BizComponentBasicServices.csproj,Inspur.GSP.Cdp.BizComponent.BasicService,40DomainImpl,True
ADP,CDP,Src\CDP\BizComponent\Engine\BizComponentEngine.csproj,Inspur.GSP.Cdp.BizComponent.Engine,40DomainImpl,True
ADP,CDP,Src\CDP\BizComponent\JSProxy\BizComponentJSProxy.csproj,Inspur.GSP.Cdp.BizComponent.JSProxy,40DomainImpl,True
ADP,CDP,Src\CDP\BizComponent\LocalClient\BizComponentLocalClient.csproj,Inspur.GSP.Cdp.BizComponent.LocalClient,40DomainImpl,True
ADP,CDP,Src\CDP\BizComponent\RemoteClient\BizComponentRemoteClient.csproj,Inspur.GSP.Cdp.BizComponent.RemoteClient,40DomainImpl,True
ADP,CDP,Src\CDP\Definition\Designer\ComponentDesinger.csproj,Inspur.GSP.Cdp.Definition.Designer,40DomainImpl,True
ADP,CDP,Src\CDP\Definition\DTManager\ComponentDTManager.csproj,Inspur.GSP.Cdp.Definition.DTManager,40DomainImpl,True
ADP,CDP,Src\CDP\Definition\LocalClient\ComponentLocalClient.csproj,Inspur.GSP.Cdp.Definition.LocalClient,40DomainImpl,True
ADP,CDP,Src\CDP\Definition\RemoteClient\ComponentRemoteClient.csproj,Inspur.GSP.Cdp.Definition.RemoteClient,40DomainImpl,True
ADP,CDP,Src\CDP\Definition\RTManager\ComponentRTManager.csproj,Inspur.GSP.Cdp.Definition.RTManager,40DomainImpl,True
ADP,CDP,Src\CDP\Engine\Engine\Engine.csproj,Inspur.GSP.Cdp.Engine,40DomainImpl,True
ADP,CDP,Src\CDP\Engine\LocalClient\EngineLocalClient.csproj,Inspur.GSP.Cdp.Engine.LocalClient,40DomainImpl,True
ADP,CDP,Src\CDP\Engine\RemoteClient\EngineRemoteClient.csproj,Inspur.GSP.Cdp.Engine.RemoteClient,40DomainImpl,True
ADP,DAS,Src\DAS\CommonDataType\BusinessFieldManager\CommonDataTypeRTManager.csproj,Inspur.GSP.Das.CommonDataType.RTManager,40DomainImpl,True
ADP,DAS,Src\DAS\CommonDataType\CommonDataTypeDTManager\CommonDataTypeDTManager.csproj,Inspur.GSP.Das.CommonDataType.DTManager,40DomainImpl,True
ADP,DAS,Src\DAS\CommonDataType\Desinger\CommonDataTypeDesinger.csproj,Inspur.GSP.Das.CommonDataType.Designer,40DomainImpl,True
ADP,DAS,Src\DAS\Dae\Engine\Engine.csproj,Inspur.GSP.Das.Dae.Engine,40DomainImpl,True
ADP,DAS,Src\DAS\Dae\LocalClient\DaeLocalClient.csproj,Inspur.GSP.Das.Dae.LocalClient,40DomainImpl,True
ADP,DAS,Src\DAS\Dae\RemoteClient\DaeRemoteClient.csproj,Inspur.GSP.Das.Dae.RemoteClient,40DomainImpl,True
ADP,DAS,Src\DAS\DataModel\Designer\DataModelDesigner.csproj,Inspur.GSP.Das.DataModel.Designer,40DomainImpl,True
ADP,DAS,Src\DAS\DataModel\DTManager\DataModelDTManager.csproj,Inspur.GSP.Das.DataModel.DTManager,40DomainImpl,True
ADP,DAS,Src\DAS\DataModel\LocalClient\DataModelLocalClient.csproj,Inspur.GSP.Das.DataModel.LocalClient,40DomainImpl,True
ADP,DAS,Src\DAS\DataModel\RemoteClient\DataModelRemoteClient.csproj,Inspur.GSP.Das.DataModel.RemoteClient,40DomainImpl,True
ADP,DAS,Src\DAS\DataModel\RTManager\DataModelRTManager.csproj,Inspur.GSP.Das.DataModel.RTManager,40DomainImpl,True
ADP,DAS,Src\DAS\DataObject\Designer\DataObjectDesigner.csproj,Inspur.GSP.Das.DataObject.Designer,40DomainImpl,True
ADP,DAS,Src\DAS\DataObject\DTManager\DataObjectRTManager.csproj,Inspur.GSP.Das.DataObject.RTManager,40DomainImpl,True
ADP,DAS,Src\DAS\DataObject\LocalClient\DataObjectLocalClient.csproj,Inspur.GSP.Das.DataObject.LocalClient,40DomainImpl,True
ADP,DAS,Src\DAS\DataObject\RemoteClient\DataObjectRemoteClient.csproj,Inspur.GSP.Das.DataObject.RemoteClient,40DomainImpl,True
ADP,DAS,Src\DAS\DataObject\RTManager\DataObjectDTManager.csproj,Inspur.GSP.Das.DataObject.DTManager,40DomainImpl,True
DIP,DIP,Src\DIP\Common\DipCommon\DipCommon.csproj,Inspur.GSP.Dip.Common,40DomainImpl,True
DIP,DIP,Src\DIP\Common\DipCommonClient\DipCommonClient.csproj,Inspur.GSP.Dip.Common.Client,40DomainImpl,True
DIP,DIP,Src\DIP\Common\DipCommonServer\DipCommonServer.csproj,Inspur.GSP.Dip.Common.Server,40DomainImpl,True
DIP,DIP,Src\DIP\DataImportExport\Common\Common.csproj,Inspur.GSP.Dip.IED.Common,40DomainImpl,True
DIP,DIP,Src\DIP\DataImportExport\DesignerCore\DesignCore.csproj,Inspur.GSP.Dip.IED.Design.Core,40DomainImpl,True
DIP,DIP,Src\DIP\DataImportExport\DesignerLocalClient\DesignLocalClient.csproj,Inspur.GSP.Dip.IED.Design.LocalClient,40DomainImpl,True
DIP,DIP,Src\DIP\DataImportExport\DesignerRestfulClient\DesignRemoteClient.csproj,Inspur.GSP.Dip.IED.Design.RemoteClient,40DomainImpl,True
DIP,DIP,Src\DIP\DataImportExport\DesignerUI\DesignUI.csproj,Inspur.GSP.Dip.IED.Design.UI,40DomainImpl,True
DIP,DIP,Src\DIP\DataImportExport\EngineWebformController\EngineWebformController.csproj,Inspur.GSP.Dip.IED.Engine.Controller.Webform,40DomainImpl,True
DIP,DIP,Src\DIP\DataImportExport\EngineWinformController\EngineWinformController.csproj,Inspur.GSP.Dip.IED.Engine.Controller.Winform,40DomainImpl,True
DIP,DIP,Src\DIP\DipAdmin\DIPackageManagement\PkgMgrCommon\PkgMgrCommon.csproj,Inspur.GSP.Dip.PkgMgr.Common,40DomainImpl,True
DIP,DIP,Src\DIP\DipAdmin\DIPackageManagement\PkgMgrCore\PkgMgrCore.csproj,Inspur.GSP.Dip.PkgMgr.Core,40DomainImpl,True
DIP,DIP,Src\DIP\DipAdmin\DIPackageManagement\PkgMgrLocalClient\PkgMgrLocalClient.csproj,Inspur.GSP.Dip.PkgMgr.LocalClient,40DomainImpl,True
DIP,DIP,Src\DIP\DipAdmin\DIPackageManagement\PkgMgrRemoteClient\PkgMgrRemoteClient.csproj,Inspur.GSP.Dip.PkgMgr.RemoteClient,40DomainImpl,True
DIP,DIP,Src\DIP\DipAdmin\DIPackageManagement\PkgMgrUI\PkgMgrUI.csproj,Inspur.GSP.Dip.PkgMgr.UI,40DomainImpl,True
DIP,DIP,Src\DIP\DipCore\Components\ChangeDataCapture\ChangeDataCaptureCommon\IncrementCommon.csproj,Inspur.GSP.Dip.Cdc.Common,40DomainImpl,True
DIP,DIP,Src\DIP\DipCore\Components\ChangeDataCapture\ChangeDataCaptureCore\IncrementCore.csproj,Inspur.GSP.Dip.Cdc.Core,40DomainImpl,True
DIP,DIP,Src\DIP\DipCore\Components\ChangeDataCapture\ChangeDataCaptureLocalClient\IncrementLocalClient.csproj,Inspur.GSP.Dip.Cdc.LocalClient,40DomainImpl,True
DIP,DIP,Src\DIP\DipCore\Components\ChangeDataCapture\ChangeDataCaptureRemoteClient\IncrementRemoteClient.csproj,Inspur.GSP.Dip.Cdc.RemoteClient,40DomainImpl,True
DIP,DIP,Src\DIP\DipCore\Components\ChangeDataCapture\ChangeDataCaptureUI\IncrementUI.csproj,Inspur.GSP.Dip.Cdc.UI,40DomainImpl,True
DIP,DIP,Src\DIP\DipCore\Components\Extraction\ClientDBExtractionLocalClient\ClientDBExtractionLocalClient.csproj,Inspur.GSP.Dip.Extraction.ClientDB.LocalClient,40DomainImpl,True
DIP,DIP,Src\DIP\DipCore\Components\Extraction\ClientDBExtractionRemoteClient\ClientDBExtractionRemoteClient.csproj,Inspur.GSP.Dip.Extraction.ClientDB.RemoteClient,40DomainImpl,True
DIP,DIP,Src\DIP\DipCore\Components\Extraction\ClientDBExtractionRemoteCore\ClientDBExtractionRemoteCore.csproj,Inspur.GSP.Dip.Extraction.ClientDB.RemoteCore,40DomainImpl,True
DIP,DIP,Src\DIP\DipCore\Components\Extraction\CsvExtraction\CsvExtraction.csproj,Inspur.GSP.Dip.Extraction.Csv,40DomainImpl,True
DIP,DIP,Src\DIP\DipCore\Components\Extraction\DBExtractionCore\DBExtractionCore.csproj,Inspur.GSP.Dip.Extraction.DB.Core,40DomainImpl,True
DIP,DIP,Src\DIP\DipCore\Components\Extraction\DBExtractionLocalclient\DBExtractionLocalclient.csproj,Inspur.GSP.Dip.Extraction.DB.LocalClient,40DomainImpl,True
DIP,DIP,Src\DIP\DipCore\Components\Extraction\DBExtractionRemoteClient\DBExtractionRemoteClient.csproj,Inspur.GSP.Dip.Extraction.DB.RemoteClient,40DomainImpl,True
DIP,DIP,Src\DIP\DipCore\Components\Extraction\DbfExtraction\DbfExtraction.csproj,Inspur.GSP.Dip.Extraction.Dbf,40DomainImpl,True
DIP,DIP,Src\DIP\DipCore\Components\Extraction\ExcelExtraction\ExcelExtraction.csproj,Inspur.GSP.Dip.Extraction.Excel,40DomainImpl,True
DIP,DIP,Src\DIP\DipCore\Components\Extraction\ExtractionCommon\ExtractionCommon.csproj,Inspur.GSP.Dip.Extraction.Common,40DomainImpl,True
DIP,DIP,Src\DIP\DipCore\Components\Extraction\ExtractionCore\ExtractionCore.csproj,Inspur.GSP.Dip.Extraction.Core,40DomainImpl,True
DIP,DIP,Src\DIP\DipCore\Components\Extraction\TextExtraction\TextExtraction.csproj,Inspur.GSP.Dip.Extraction.Text,40DomainImpl,True
DIP,DIP,Src\DIP\DipCore\Components\Extraction\XmlExtraction\XmlExtraction.csproj,Inspur.GSP.Dip.Extraction.Xml,40DomainImpl,True
DIP,DIP,Src\DIP\DipCore\Components\Load\CsvLoad\CsvLoad.csproj,Inspur.GSP.Dip.Load.Csv,40DomainImpl,True
DIP,DIP,Src\DIP\DipCore\Components\Load\CsvLoadClient\CsvLoadClient.csproj,Inspur.GSP.Dip.Load.Csv.Client,40DomainImpl,True
DIP,DIP,Src\DIP\DipCore\Components\Load\DbfLoad\DbfLoad.csproj,Inspur.GSP.Dip.Load.Dbf,40DomainImpl,True
DIP,DIP,Src\DIP\DipCore\Components\Load\DbfLoadClient\DbfLoadClient.csproj,Inspur.GSP.Dip.Load.Dbf.Client,40DomainImpl,True
DIP,DIP,Src\DIP\DipCore\Components\Load\DBLoadCore\DBLoadCore.csproj,Inspur.GSP.Dip.Load.DB.Core,40DomainImpl,True
DIP,DIP,Src\DIP\DipCore\Components\Load\DBLoadLocalClient\DBLoadLocalClient.csproj,Inspur.GSP.Dip.Load.DB.LocalClient,40DomainImpl,True
DIP,DIP,Src\DIP\DipCore\Components\Load\DBLoadRemoteClient\DBLoadRestfulClient.csproj,Inspur.GSP.Dip.Load.DB.RemoteClient,40DomainImpl,True
DIP,DIP,Src\DIP\DipCore\Components\Load\ExcelLoad\ExcelLoad.csproj,Inspur.GSP.Dip.Load.Excel,40DomainImpl,True
DIP,DIP,Src\DIP\DipCore\Components\Load\ExcelLoadClient\ExcelLoadClient.csproj,Inspur.GSP.Dip.Load.Excel.Client,40DomainImpl,True
DIP,DIP,Src\DIP\DipCore\Components\Load\LoadCommon\LoadCommon.csproj,Inspur.GSP.Dip.Load.Common,40DomainImpl,True
DIP,DIP,Src\DIP\DipCore\Components\Load\LoadCore\LoadCore.csproj,Inspur.GSP.Dip.Load.Core,40DomainImpl,True
DIP,DIP,Src\DIP\DipCore\Components\Load\TextLoad\TextLoad.csproj,Inspur.GSP.Dip.Load.Text,40DomainImpl,True
DIP,DIP,Src\DIP\DipCore\Components\Load\TextLoadClient\TextLoadClient.csproj,Inspur.GSP.Dip.Load.Text.Client,40DomainImpl,True
DIP,DIP,Src\DIP\DipCore\Components\Load\XmlLoad\XmlLoad.csproj,Inspur.GSP.Dip.Load.Xml,40DomainImpl,True
DIP,DIP,Src\DIP\DipCore\Components\Load\XmlLoadClient\XmlLoadClient.csproj,Inspur.GSP.Dip.Load.Xml.Client,40DomainImpl,True
DIP,DIP,Src\DIP\DipCore\Components\Mapping\MappingDesginerUI\MappingDesginerUI.csproj,Inspur.GSP.Dip.Mapping.Designer.UI,40DomainImpl,True
DIP,DIP,Src\DIP\DipCore\Components\Mapping\MappingDesignerCore\MappingDesignerCore.csproj,Inspur.GSP.Dip.Mapping.Designer.Core,40DomainImpl,True
DIP,DIP,Src\DIP\DipCore\Components\Mapping\MappingEngineCore\MappingEngineCore.csproj,Inspur.GSP.Dip.Mapping.Engine.Core,40DomainImpl,True
DIP,DIP,Src\DIP\DipCore\Components\Mapping\MappingEngineLocalClient\MappingEngineLocalClient.csproj,Inspur.GSP.Dip.Mapping.Engine.LocalClient,40DomainImpl,True
DIP,DIP,Src\DIP\DipCore\Components\Mapping\MappingEngineRemoteClient\MappingEngineRemoteClient.csproj,Inspur.GSP.Dip.Mapping.Engine.RemoteClient,40DomainImpl,True
DIP,DIP,Src\DIP\DipCore\Components\Validation\ValidationCore\ValidationCore.csproj,Inspur.GSP.Dip.Validation.Core,40DomainImpl,True
DIP,DIP,Src\DIP\DipCore\Components\ValueMapping\ValueMappingCommon\ValueMappingCommon.csproj,Inspur.GSP.Dip.ValueMapping.Common,40DomainImpl,True
DIP,DIP,Src\DIP\DipCore\Components\ValueMapping\ValueMappingCore\ValueMappingCore.csproj,Inspur.GSP.Dip.ValueMapping.Core,40DomainImpl,True
DIP,DIP,Src\DIP\DipCore\Components\ValueMapping\ValueMappingLocalClient\ValueMappingLocalClient.csproj,Inspur.GSP.Dip.ValueMapping.LocalClient,40DomainImpl,True
DIP,DIP,Src\DIP\DipCore\Components\ValueMapping\ValueMappingRemoteClient\ValueMappingRemoteClient.csproj,Inspur.GSP.Dip.ValueMapping.RemoteClient,40DomainImpl,True
DIP,DIP,Src\DIP\DipCore\Components\ValueMapping\ValueMappingUI\ValueMappingUI.csproj,Inspur.GSP.Dip.ValueMapping.UI,40DomainImpl,True
DIP,DIP,Src\DIP\DipCore\Designer\DesignerCommon\DesignerCommon.csproj,Inspur.GSP.Dip.Designer.Common,40DomainImpl,True
DIP,DIP,Src\DIP\DipCore\Designer\DesignerCore\DesignerCore.csproj,Inspur.GSP.Dip.Designer.Core,40DomainImpl,True
DIP,DIP,Src\DIP\DipCore\Designer\DesignerLocalClient\DesignerLocalClient.csproj,Inspur.GSP.Dip.Designer.LocalClient,40DomainImpl,True
DIP,DIP,Src\DIP\DipCore\Designer\DesignerPaletteCore\DesignerPaletteCore.csproj,Inspur.GSP.Dip.Designer.Palette.Core,40DomainImpl,True
DIP,DIP,Src\DIP\DipCore\Designer\DesignerPaletteUI\DesignerPaletteUI.csproj,Inspur.GSP.Dip.Designer.Palette.UI,40DomainImpl,True
DIP,DIP,Src\DIP\DipCore\Designer\DesignerRemoteClient\DesignerRemoteClient.csproj,Inspur.GSP.Dip.Designer.RemoteClient,40DomainImpl,True
DIP,DIP,Src\DIP\DipCore\Designer\DesignerUI\DesignerUI.csproj,Inspur.GSP.Dip.Designer.UI,40DomainImpl,True
DIP,DIP,Src\DIP\DipCore\Engine\EngineCommon\EngineCommon.csproj,Inspur.GSP.Dip.Engine.Common,40DomainImpl,True
DIP,DIP,Src\DIP\DipCore\Engine\EngineController\EngineController.csproj,Inspur.GSP.Dip.Engine.Controller,40DomainImpl,True
DIP,DIP,Src\DIP\DipCore\Engine\EngineCore\EngineCore.csproj,Inspur.GSP.Dip.Engine.Core,40DomainImpl,True
DIP,DIP,Src\DIP\DipCore\Engine\EngineLocalClient\EngineLocalClient.csproj,Inspur.GSP.Dip.Engine.LocalClient,40DomainImpl,True
DIP,DIP,Src\DIP\DipCore\Engine\EngineRemoteClient\EngineRemoteClient.csproj,Inspur.GSP.Dip.Engine.RemoteClient,40DomainImpl,True
DIP,DIP,Src\DIP\DipCore\Engine\EngineService\EngineService.csproj,Inspur.GSP.Dip.Engine.Service,40DomainImpl,True
ADP,Form,Src\Form\Control\Control\Control.csproj,Inspur.GSP.Forms.Control,40DomainImpl,True
ADP,Form,Src\Form\Control\Designer\Designer.csproj,Inspur.GSP.Forms.Control.Designer,40DomainImpl,True
ADP,Form,Src\Form\Control\Manager\Manager.csproj,Inspur.GSP.Forms.Control.Manager,40DomainImpl,True
ADP,Form,Src\Form\Control\RemoteClient\RemoteClient.csproj,Inspur.GSP.Form.Control.RemoteClient,40DomainImpl,True
ADP,Form,Src\Form\Customize\Core\CustomizeCore.csproj,Inspur.GSP.Customize.Core,40DomainImpl,True
ADP,Form,Src\Form\Customize\LocalClient\CustomizeLocalClient.csproj,Inspur.GSP.Customize.LocalClient,40DomainImpl,True
ADP,Form,Src\Form\Customize\RemoteClient\CustomizeRemoteClient.csproj,Inspur.GSP.Customize.RemoteClient,40DomainImpl,True
ADP,Form,Src\Form\Customize\UI\CustomizeUI.csproj,Inspur.GSP.Customize.UI,40DomainImpl,True
ADP,Form,Src\Form\FormServer\Api\FormServer.Api.csproj,Inspur.GSP.FormServer.Api,20Interface,True
ADP,Form,Src\Form\FormServer\Designer\ViewModelDesigner.csproj,Inspur.GSP.FormServer.ViewModelDesigner,40DomainImpl,True
ADP,Form,Src\Form\FormServer\DTManager\FormServer.DTManager.csproj,Inspur.GSP.FormServer.DTManager,40DomainImpl,True
ADP,Form,Src\Form\FormServer\Engine\FormServer.Engine.csproj,Inspur.GSP.FormServer.Engine,40DomainImpl,True
ADP,Form,Src\Form\FormServer\RemoteClient\FormServer.RemoteClient.csproj,Inspur.GSP.FormServer.RemoteClient,40DomainImpl,True
ADP,Form,Src\Form\FormServer\RTManager\FormServer.RTManger.csproj,Inspur.GSP.FormServer.RTManger,30Component,True
ADP,Form,Src\Form\Help\Designer\HandHelpDesigner.csproj,Inspur.GSP.Form.Help.Designer,40DomainImpl,True
ADP,Form,Src\Form\Help\HelpDTManaget\HelpDTManaget.csproj,Inspur.GSP.Form.Help.DTManager,40DomainImpl,True
ADP,Form,Src\Form\Help\HelpLocalClient\HelpLocalClient.csproj,Inspur.GSP.Form.Help.LocalClient,40DomainImpl,True
ADP,Form,Src\Form\Help\RemoteClient\HelpRemoteClient.csproj,Inspur.GSP.Form.Help.RemoteClient,40DomainImpl,True
ADP,Form,Src\Form\Help\RTManager\HelpRTManager.csproj,Inspur.GSP.Form.Help.RTManager,40DomainImpl,True
ADP,Form,Src\Form\StateMachine\Designer\StataMachineDesigner.csproj,Inspur.GSP.Forms.StateMachine.Designer,40DomainImpl,True
ADP,Form,Src\Form\StateMachine\DTManager\StateMachineDTManager.csproj,Inspur.GSP.Forms.StateMachine.DTManager,40DomainImpl,True
ADP,Form,Src\Form\StateMachine\RemoteClient\StateMachineRemoteClient.csproj,Inspur.GSP.Forms.StateMachine.RemoteClient,40DomainImpl,True
ADP,Form,Src\Form\StateMachine\RTManager\StateMachineRTManager.csproj,Inspur.GSP.Forms.StateMachine.RTManager,40DomainImpl,True
ADP,Form,Src\Form\Web\Adapter\Adapter.csproj,Inspur.GSP.Forms.Web.Adapter,40DomainImpl,True
ADP,Form,Src\Form\Web\BizComponent\Approve\Approve.csproj,Inspur.GSP.Forms.Web.BizComponent.Approve,40DomainImpl,True
ADP,Form,Src\Form\Web\BizComponent\Attachment\Attachment.csproj,Inspur.GSP.Forms.Web.BizComponent.Attachment,40DomainImpl,True
ADP,Form,Src\Form\Web\BizComponent\Form\Form.csproj,Inspur.GSP.Forms.Web.BizComponent.Form,40DomainImpl,True
ADP,Form,Src\Form\Web\BizComponent\Help\Help.csproj,Inspur.GSP.Forms.Web.BizComponent.Help,40DomainImpl,True
ADP,Form,Src\Form\Web\BizComponent\Print\Print.csproj,Inspur.GSP.Forms.Web.BizComponent.Print,40DomainImpl,True
ADP,Form,Src\Form\Web\Debugger\Debugger.csproj,Inspur.GSP.Forms.Web.Debugger,40DomainImpl,True
ADP,Form,Src\Form\Web\Designer\Designer.csproj,Inspur.GSP.Forms.Web.Designer,40DomainImpl,True
ADP,Form,Src\Form\Web\Engine\Deployer\Deployer.csproj,Inspur.GSP.Forms.Web.Engine.Deployer,40DomainImpl,True
ADP,Form,Src\Form\Web\Engine\Generator\Generator.csproj,Inspur.GSP.Forms.Web.Engine.Generator,40DomainImpl,True
ADP,Form,Src\Form\Web\Engine\Synchronizer\Synchronizer.csproj,Inspur.GSP.Forms.Web.Engine.Synchronizer,40DomainImpl,True
ADP,Form,Src\Form\Web\StateMachine\StateMachine.csproj,Inspur.GSP.Forms.Web.StateMachine,40DomainImpl,True
ADP,Form,Src\Form\Win\Controller\RemoteClient\FormControllerRemoteClient.csproj,Inspur.GSP.Forms.Win.Controller.RemoteClient,40DomainImpl,True
ADP,Form,Src\Form\Win\Controller\Server\FormControllerServer.csproj,Inspur.GSP.Forms.Win.Controller.Server,40DomainImpl,True
ADP,Form,Src\Form\Win\Definition\FormDefinitionClient\FormDefinitionRemoteClient.csproj,Inspur.GSP.Forms.Win.Definition.RemoteClient,40DomainImpl,True
ADP,Form,Src\Form\Win\Definition\FormDefinitionManager\FormDefinitionDTManager.csproj,Inspur.GSP.Forms.Win.Definition.DTManager,40DomainImpl,True
ADP,Form,Src\Form\Win\Definition\FormDefinitionRTManager\FormDefinitionRTManager.csproj,Inspur.GSP.Forms.Win.Definition.RTManager,40DomainImpl,True
ADP,Form,Src\Form\Win\Definition\FormDesigner\FormDefinitionDesigner.csproj,Inspur.GSP.Forms.Win.Definition.Designer,40DomainImpl,True
ADP,Form,Src\Form\Win\Definition\GSPFormDebugger\FormDebugger.csproj,Inspur.GSP.Forms.Win.Definition.Debugger,40DomainImpl,True
ADP,Form,Src\Form\Win\Engine\FormLocalClient\FormLocalClient.csproj,Inspur.GSP.Forms.Win.Engine.FormLocalClient,40DomainImpl,True
ADP,Form,Src\Form\Win\Engine\XForm.FormCacheCore\FormCacheCore.csproj,Inspur.GSP.Forms.Win.Engine.FormCacheCore,40DomainImpl,True
ADP,Form,Src\Form\Win\Engine\XForm.FormCacheListener\FormCacheListener.csproj,Inspur.GSP.Forms.Win.Engine.FormCacheListener,40DomainImpl,True
ADP,Form,Src\Form\Win\Engine\XForm.FormServer\FormServer.csproj,Inspur.GSP.Forms.Win.Engine.Server,40DomainImpl,True
ADP,Form,Src\Form\Win\Engine\XForm.FormWebServiceClient\FormEngineRemoteClient.csproj,Inspur.GSP.Forms.Win.Engine.RemoteClient,40DomainImpl,True
SCF,GSF,Src\GSF\Configuration\DbConfiguration\DbConfiguration.csproj,Inspur.GSP.Gsf.Configuration.Database,40DomainImpl,True
SCF,GSF,Src\GSF\Exception\Old\ExceptionHandler\ExceptionHandler.csproj,Inspur.GSP.Gsf.ExceptionHandler,40DomainImpl,True
SCF,GSF,Src\GSF\Exception\Old\ExceptionUI\ExceptionUI.csproj,Inspur.GSP.Gsf.ExceptionUI,40DomainImpl,True
SCF,GSF,Src\GSF\I18N\Framwork\Common\Framework.Common.csproj,Inspur.GSP.Gsf.I18N.Framework.Common,40DomainImpl,True
SCF,GSF,Src\GSF\I18N\Framwork\Core\Framework.Core.csproj,Inspur.GSP.Gsf.I18N.Framework.Core,40DomainImpl,True
SCF,GSF,Src\GSF\I18N\Framwork\LocalClient\Framework.LocalClient.csproj,Inspur.GSP.Gsf.I18N.Framework.LocalClient,40DomainImpl,True
SCF,GSF,Src\GSF\I18N\Framwork\RemoteClient\Framework.RemoteClient.csproj,Inspur.GSP.Gsf.I18N.Framework.RemoteClient,40DomainImpl,True
SCF,GSF,Src\GSF\I18N\Framwork\ResourceDesigner\ResourceDesigner.csproj,Inspur.GSP.Gsf.I18N.Resource.Designer,40DomainImpl,True
SCF,GSF,Src\GSF\I18N\Framwork\ResourceDTManager\ResourceDTManager.csproj,Inspur.GSP.Gsf.I18N.Resource.DTManager,40DomainImpl,True
SCF,GSF,Src\GSF\I18N\Framwork\ResourceRTManager\ResourceRTManager.csproj,Inspur.GSP.Gsf.I18N.Resource.RTManager,40DomainImpl,True
SCF,GSF,Src\GSF\I18N\Framwork\UI\Framework.UI.csproj,Inspur.GSP.Gsf.I18N.Framework.UI,40DomainImpl,True
SCF,GSF,Src\GSF\Logging\ClientLog\ClientLoggingCore\ClientLogggingCore.csproj,Inspur.GSP.Gsf.ClientLogging.Core,40DomainImpl,True
SCF,GSF,Src\GSF\Logging\ClientLog\ClientLoggingViewer\ClientLoggingViewer.csproj,Inspur.GSP.Gsf.ClientLogging.Viewer,40DomainImpl,True
SCF,GSF,Src\GSF\Logging\Logging.Database\Logging.Database.csproj,Inspur.GSP.Gsf.Logging.Database,40DomainImpl,True
SCF,GSF,Src\GSF\Transactions\VirtualTransactionImpl\VirtualExtension.csproj,Inspur.GSP.Gsf.Transactions.VirtualExtension,40DomainImpl,True
LCM,LCM,Src\LCM\Arifact\Release\Entity\Entity.csproj,Inspur.GSP.Lcm.Artifact.Release.Entity,40DomainImpl,True
LCM,LCM,Src\LCM\Arifact\Release\LocalClient\LocalClient.csproj,Inspur.GSP.Lcm.Artifact.Release.LocalClient,40DomainImpl,True
LCM,LCM,Src\LCM\Arifact\Release\Manager\Manager.csproj,Inspur.GSP.Lcm.Artifact.Release.Manager,40DomainImpl,True
LCM,LCM,Src\LCM\Arifact\Release\RemoteClient\RemoteClient.csproj,Inspur.GSP.Lcm.Artifact.Release.RemoteClient,40DomainImpl,True
LCM,LCM,Src\LCM\Arifact\Release\UI\UI.csproj,Inspur.GSP.Lcm.Artifact.Release.UI,40DomainImpl,True
LCM,LCM,Src\LCM\Metadata\MetadataDTLocalClient\MetadataDTLocalClient.csproj,Inspur.GSP.Lcm.Metadata.Designtime.LocalClient,40DomainImpl,True
LCM,LCM,Src\LCM\Metadata\MetadataDTManager\MetadataDTManager.csproj,Inspur.GSP.Lcm.Metadata.Designtime.Manager,40DomainImpl,True
LCM,LCM,Src\LCM\Metadata\MetadataDTRemoteClient\MetadataDTRemoteClient.csproj,Inspur.GSP.Lcm.Metadata.Designtime.RemoteClient,40DomainImpl,True
LCM,LCM,Src\LCM\Metadata\MetadataLocalClient\MetadataLocalClient.csproj,Inspur.GSP.Lcm.Metadata.Runtime.LocalClient,40DomainImpl,True
LCM,LCM,Src\LCM\Metadata\MetadataManager\MetadataManager.csproj,Inspur.GSP.Lcm.Metadata.Runtime.Manager,40DomainImpl,True
LCM,LCM,Src\LCM\Metadata\MetadataRemoteClient\MetadataRemoteClient.csproj,Inspur.GSP.Lcm.Metadata.Runtime.RemoteClient,40DomainImpl,True
LCM,LCM,Src\LCM\PresetData\Designer\Designer.csproj,Inspur.GSP.Lcm.PresetData.Designer,40DomainImpl,True
LCM,LCM,Src\LCM\PresetData\Editor\Editor.csproj,Inspur.GSP.Lcm.PresetData.Editor,40DomainImpl,True
LCM,LCM,Src\LCM\PresetData\Manager\Manager.csproj,Inspur.GSP.Lcm.PresetData.Manager,40DomainImpl,True
LCM,LCM,Src\LCM\TransferTool\GSPDataTransferUI\TransferDataUI.csproj,Inspur.GSP.Lcm.TransferTool.TransferDataUI,40DomainImpl,True
LCM,LCM,Src\LCM\TransferTool\GSPExporter\GSPExporter.csproj,GSPExporter,40DomainImpl,True
LCM,LCM,Src\LCM\TransferTool\GSPImporter\GSPImporter.csproj,GSPImporter,40DomainImpl,True
LCM,LCM,Src\LCM\TransferTool\TransferApi\TransferDataApi.csproj,Inspur.GSP.Lcm.TransferTool.TransferDataApi,40DomainImpl,True
LCM,LCM,Src\LCM\TransferTool\TransferDataClient\TransferDataClient.csproj,Inspur.GSP.Lcm.TransferTool.TransferDataClient,40DomainImpl,True
LCM,LCM,Src\LCM\TransferTool\TransferDebug\GSPMetadataTransfer.csproj,GSPMetadataTransfer,40DomainImpl,True
LCM,LCM,Src\LCM\TransferTool\TransferSpi\TransferDataSpi.csproj,Inspur.GSP.Lcm.TransferTool.TransferDataSpi,40DomainImpl,True
LCM,LCM,Src\LCM\TransferTool\TransItemManager\TransferDataManager.csproj,Inspur.GSP.Lcm.TransferTool.TransDataManager,40DomainImpl,True
SCF,QDP,Src\QDP\Web\MobileBillQuery\Qdp.MobileBillQuery.Attachment\Qdp.MobileBillQuery.Attachment.csproj,Inspur.GSP.Qdp.MobileBillQuery.Attachment,40DomainImpl,True
SCF,QDP,Src\QDP\Web\MobileBillQuery\Qdp.MobileBillQuery.Common\Qdp.MobileBillQuery.Common.csproj,Inspur.GSP.Qdp.MobileBillQuery.Common,20Interface,True
SCF,QDP,Src\QDP\Web\MobileBillQuery\Qdp.MobileBillQuery.Core\Qdp.MobileBillQuery.Core.csproj,Inspur.GSP.Qdp.MobileBillQuery.Core,40DomainImpl,True
SCF,QDP,Src\QDP\Web\MobileBillQuery\Qdp.MobileBillQuery.FormatDesign\Qdp.MobileBillQuery.FormatDesign.csproj,Inspur.GSP.Qdp.MobileBillQuery.FormatDesign,40DomainImpl,True
SCF,QDP,Src\QDP\Web\MobileBillQuery\Qdp.MobileBillQuery.Integration\Qdp.MobileBillQuery.Integration.csproj,Inspur.GSP.Qdp.MobileBillQuery.Integration,40DomainImpl,True
SCF,QDP,Src\QDP\Web\MobileBillQuery\Qdp.MobileBillQuery.LocalService\Qdp.MobileBillQuery.LocalClient.csproj,Inspur.GSP.Qdp.MobileBillQuery.LocalClient,40DomainImpl,True
SCF,QDP,Src\QDP\Web\MobileBillQuery\Qdp.MobileBillQuery.RemoteClient\Qdp.MobileBillQuery.RemoteClient.csproj,Inspur.GSP.Qdp.MobileBillQuery.RemoteClient,40DomainImpl,True
SCF,QDP,Src\QDP\Web\MobileBillQuery\Qdp.MobileBillQuery.RemoteProxy\Qdp.MobileBillQuery.RemoteProxy.csproj,Inspur.GSP.Qdp.MobileBillQuery.RemoteProxy,40DomainImpl,True
SCF,QDP,Src\QDP\Web\MobileBillQuery\Qdp.MobileBillQuery.RestService\Qdp.MobileBillQuery.RestService.csproj,Inspur.GSP.Qdp.MobileBillQuery.RestService,40DomainImpl,True
SCF,QDP,Src\QDP\Web\MobileBillQuery\Qdp.MobileBillQuery.Transformer\Qdp.MobileBillQuery.Transformer.csproj,Inspur.GSP.Qdp.MobileBillQuery.Transformer,40DomainImpl,True
SCF,QDP,Src\QDP\Web\WebQuery\BizComponent\WebQuery.BizComponent.csproj,Inspur.GSP.Qdp.WebQuery.BizComponent,40DomainImpl,True
SCF,QDP,Src\QDP\Web\WebQuery\Designer\WebQuery.Designer.csproj,Inspur.GSP.Qdp.WebQuery.Designer,40DomainImpl,True
SCF,QDP,Src\QDP\Web\WebQuery\Exporter\WebQuery.Exporter.csproj,Inspur.GSP.Qdp.WebQuery.Exporter,40DomainImpl,True
SCF,QDP,Src\QDP\Web\WebQuery\HtmlGenerator\WebQuery.HtmlGenerator.csproj,Inspur.GSP.Qdp.WebQuery.HtmlGenerator,40DomainImpl,True
SCF,QDP,Src\QDP\Win\Designer\Qdp.Designer.BizClient\Qdp.Designer.BizClient.csproj,Inspur.GSP.Qdp.Designer.BizClient,40DomainImpl,True
SCF,QDP,Src\QDP\Win\Designer\Qdp.Designer.LocalClient\Qdp.Designer.LocalClient.csproj,Inspur.GSP.Qdp.Designer.LocalClient,40DomainImpl,True
SCF,QDP,Src\QDP\Win\Designer\Qdp.Designer.RemoteClient\Qdp.Designer.RemoteClient.csproj,Inspur.GSP.Qdp.Designer.RemoteClient,40DomainImpl,True
SCF,QDP,Src\QDP\Win\Designer\Qdp.Designer\Qdp.Designer.csproj,Inspur.GSP.Qdp.Designer,40DomainImpl,True
SCF,QDP,Src\QDP\Win\Designer\Qdp.Metadata.Service\Qdp.Metadata.Service.csproj,Inspur.GSP.Qdp.Metadata.Service,40DomainImpl,True
SCF,QDP,Src\QDP\Win\Print\Qdp.Runtime.Print\Qdp.Runtime.Print.csproj,Inspur.GSP.Qdp.Runtime.Print,40DomainImpl,True
SCF,QDP,Src\QDP\Win\Runtime\Qdp.Runtime.ConditionEntity\Qdp.Runtime.ConditionEntity.csproj,Inspur.GSP.Qdp.Runtime.ConditionEntity,40DomainImpl,True
SCF,QDP,Src\QDP\Win\Runtime\Qdp.Runtime.Core\Qdp.Runtime.Core.csproj,Inspur.GSP.Qdp.Runtime.Core,40DomainImpl,True
SCF,QDP,Src\QDP\Win\Runtime\Qdp.Runtime.FormController\Qdp.Runtime.FormController.csproj,Inspur.GSP.Qdp.Runtime.FormController,40DomainImpl,True
SCF,QDP,Src\QDP\Win\Runtime\Qdp.Runtime.RemoteClient\Qdp.Runtime.RemoteClient.csproj,Inspur.GSP.Qdp.Runtime.RemoteClient,40DomainImpl,True
SCF,QDP,Src\QDP\Win\Runtime\Qdp.Runtime.Render\Qdp.Runtime.Render.csproj,Inspur.GSP.Qdp.Runtime.Render,40DomainImpl,True
SCF,QDP,Src\QDP\Win\Runtime\Qdp.Runtime.Service\Qdp.Runtime.Service.csproj,Inspur.GSP.Qdp.Runtime.Service,40DomainImpl,True
SCF,QDP,Src\QDP\Win\Runtime\Qdp.Runtime.View\Qdp.Runtime.View.csproj,Inspur.GSP.Qdp.Runtime.View,40DomainImpl,True
SCF,RTF,Src\RTF\RTFAddins\Announcement\Announcement\Announcement.csproj,Inspur.GSP.Rtf.Announcement.Announcement,40DomainImpl,True
SCF,RTF,Src\RTF\RTFAddins\Announcement\AnnouncementCore\AnnouncementCore.csproj,Inspur.GSP.Rtf.Announcement.Core,40DomainImpl,True
SCF,RTF,Src\RTF\RTFAddins\Announcement\AnnouncementWebServiceClient\AnnouncementRemoteClient.csproj,Inspur.GSP.Rtf.Announcement.RemoteClient,40DomainImpl,True
SCF,RTF,Src\RTF\RTFAddins\Announcement\AnnounceRangeExtController\AnnounceRangeExtController.csproj,Inspur.GSP.Rtf.Announcement.Range,40DomainImpl,True
SCF,RTF,Src\RTF\RTFAddins\GSPMessage\RTFAddins.GSPMessage\RTFAddins.GSPMessage.csproj,Inspur.GSP.Rtf.RTFAddins.GSPMessage,40DomainImpl,True
SCF,RTF,Src\RTF\RTFCommon\Authentication\GSPAppFrameworkUI\GSPAppFrameworkUI.csproj,Inspur.GSP.Rtf.Authentication.UI,40DomainImpl,True
SCF,RTF,Src\RTF\RTFCommon\Authentication\GSPAuthenticationCore\GSPAuthenticationCore.csproj,Inspur.GSP.Rtf.Authentication.Core,40DomainImpl,True
SCF,RTF,Src\RTF\RTFCommon\Authentication\GSPAuthenticationLocalClient\GSPAuthenticationLocalClient.csproj,Inspur.GSP.Rtf.Authentication.LocalClient,40DomainImpl,True
SCF,RTF,Src\RTF\RTFCommon\Authentication\GSPAuthenticationWebServiceClient\GSPAuthenticationRemoteClient.csproj,Inspur.GSP.Rtf.Authentication.RemoteClient,40DomainImpl,True
SCF,RTF,Src\RTF\RTFCommon\Authentication\SignCertificate\SignCertificate.csproj,Inspur.GSP.Rtf.SignCertificate,40DomainImpl,True
SCF,RTF,Src\RTF\RTFCommon\Authentication\SignCertificateClient\SignCertificateClient.csproj,Inspur.GSP.Rtf.SignCertificateClient,40DomainImpl,True
SCF,RTF,Src\RTF\RTFCommon\Authentication\SignCertWrapper\SignCertWrapper.csproj,Inspur.GSP.Sys.SignCertWrapper,40DomainImpl,False
SCF,RTF,Src\RTF\RTFCommon\License\BizInfo\BizInfo.csproj,Genersoft.Platform.LicAuth.BizInfo,20Interface,True
SCF,RTF,Src\RTF\RTFCommon\License\Genersoft.Platform.MMP.LSB\Genersoft.Platform.MMP.LSB.csproj,Genersoft.Platform.MMP.LSB,20Interface,True
SCF,RTF,Src\RTF\RTFCommon\License\Genersoft.Platform.MMP.LSS\Genersoft.Platform.MMP.LSS.csproj,Genersoft.Platform.MMP.LSS,20Interface,True
SCF,RTF,Src\RTF\RTFCommon\License\LicenseApproval\LicenseApproval.csproj,Genersoft.Platform.License.Approval,40DomainImpl,True
SCF,RTF,Src\RTF\RTFCommon\License\LicenseSrv\LicenseWebService.csproj,Genersoft.GS.Public.LicenseSrv,40DomainImpl,True
SCF,RTF,Src\RTF\RTFCommon\License\LicenseWebServiceClient\LicenseWebServiceClient.csproj,Genersoft.GS.Public.LicenseWebServiceClient,40DomainImpl,True
SCF,RTF,Src\RTF\RTFCommon\License\LicenseWebServiceClientEx\LicenseWebServiceClientEx.csproj,Genersoft.GS.Public.LicenseWebServiceClientEx,40DomainImpl,True
SCF,RTF,Src\RTF\RTFCommon\License\LicenseWrapper\LicenseWrapper.csproj,Genersoft.GS.Public.LicenseWrapper,40DomainImpl,True
SCF,RTF,Src\RTF\RTFCore\Navigation\Function\FunctionLocalClient\FunctionLocalClient.csproj,Inspur.GSP.Rtf.Function.LocalClient,40DomainImpl,True
SCF,RTF,Src\RTF\RTFCore\Navigation\Function\FunctionManagementCore\FunctionManagementCore.csproj,Inspur.GSP.Rtf.Function.Core,40DomainImpl,True
SCF,RTF,Src\RTF\RTFCore\Navigation\Function\FunctionManagementUI\FunctionManagementUI.csproj,Inspur.GSP.Rtf.Function.UI,40DomainImpl,True
SCF,RTF,Src\RTF\RTFCore\Navigation\Function\GSPFunctionObjectWebServiceClient\GSPFunctionObjectRemoteClient.csproj,Inspur.GSP.Rtf.Function.RemoteClient,40DomainImpl,True
SCF,RTF,Src\RTF\RTFCore\RtfCore.Core\RtfCore.Core.csproj,Inspur.GSP.Rtf.Core,40DomainImpl,True
SCF,RTF,Src\RTF\RTFCore\RtfCore.EventListener\RtfCore.EventListener.csproj,Inspur.GSP.Rtf.Core.EventListener,40DomainImpl,True
SCF,RTF,Src\RTF\RTFCore\RTFCore.LocalClient\RTFCore.LocalClient.csproj,Inspur.GSP.RTF.Core.LocalClient,40DomainImpl,True
SCF,RTF,Src\RTF\RTFCore\SSO\ClientDownLoad\NewClientDownload\NewClientDownload.csproj,Inspur.GSP.Rtf.Public.ClientDownLoad,40DomainImpl,True
SCF,RTF,Src\RTF\RTFCore\SSO\GSPSSOAuthenticationCore\GSPSSOAuthenticationCore.csproj,Inspur.GSP.Rtf.Security.SSOAuthenticationCore,40DomainImpl,True
SCF,RTF,Src\RTF\RTFCore\SSO\UnInstallApplication\UnInstallApplication.csproj,Inspur.GSP.Rtf.Public.UnInstallApplication,40DomainImpl,True
SCF,RTF,Src\RTF\SmartClient\ClientUpdate.ClientSPI\ClientUpdate.ClientApi.csproj,Inspur.GSP.Rtf.ClientUpdate.ClientApi,40DomainImpl,True
SCF,RTF,Src\RTF\SmartClient\ClientUpdate.UpdateComponet\ClientUpdate.DownloadComponet.csproj,Inspur.GSP.Rtf.ClientUpdate.DownloadComponet,40DomainImpl,True
SCF,RTF,Src\RTF\SmartClient\ClientUpdate\ClientUpdate.Deploy\ClientUpdate.Deploy.csproj,Inspur.GSP.Rtf.ClientUpdate.Deploy,40DomainImpl,True
SCF,RTF,Src\RTF\SmartClient\ClientUpdate\ClientUpdate.DownLoad\ClientUpdate.DownLoad.csproj,Inspur.GSP.Rtf.ClientUpdate.DownLoad,40DomainImpl,True
SCF,RTF,Src\RTF\SmartClient\ClientUpdate\ClientUpdate.RemoteClient\ClientUpdate.RemoteClient.csproj,Inspur.GSP.Rtf.ClientUpdate.RemoteClient,40DomainImpl,True
SCF,RTF,Src\RTF\SmartClient\ClientUpdate\ClientUpdate\ClientUpdate.csproj,Inspur.GSP.Rtf.SmartClient.ClientUpdate,40DomainImpl,True
SCF,RTF,Src\RTF\SmartClient\ClientUpdate\DeployerTool\ClientUpdate.DeployerTool.csproj,Inspur.GSP.Rtf.ClientUpdate.DeployerTool,40DomainImpl,True
SCF,RTF,Src\RTF\SmartClient\ClientUpdate\GSPFastDownloader\ClientUpdate.GSPFastDownloader.csproj,Inspur.GSP.Rtf.ClientUpdate.GSPFastDownloader,40DomainImpl,True
SCF,RTF,Src\RTF\SmartClient\ClientUpdate\Update.ClientService\ClientUpdate.ClientService.csproj,Inspur.GSP.Rtf.ClientUpdate.ClientService,40DomainImpl,True
SCF,RTF,Src\RTF\SmartClient\ClientUpdate\Update.DownLoad\ClientUpdate.DownLoadStrategy.csproj,Inspur.GSP.Rtf.ClientUpdate.DownLoadStrategy,40DomainImpl,True
SCF,RTF,Src\RTF\SmartClient\ClientUpdate\Update.SelfUpdater\ClientUpdate.SelfUpdater.csproj,Inspur.GSP.Rtf.ClientUpdate.SelfUpdater,40DomainImpl,True
SCF,RTF,Src\RTF\SmartClient\ClientUpdate\Update.ServerCore\ClientUpdate.ServerCore.csproj,Inspur.GSP.Rtf.ClientUpdate.ServerCore,40DomainImpl,True
SCF,RTF,Src\RTF\SmartClient\LoginClient\GSFramework\GSFramework.csproj,GSFramework,40DomainImpl,True
SCF,RTF,Src\RTF\SmartClient\LoginClient\GSPFrameworkStartup\GSPMain.csproj,GSPMain,40DomainImpl,True
SCF,RTF,Src\RTF\SmartClient\LoginClient\GSPStartup\GSPStartup.csproj,GSPStartup,40DomainImpl,True
SCF,RTF,Src\RTF\SmartClient\LoginClient\StartUp\Loader.csproj,Inspur.GSP.Rtf.SmarClient.Loader,40DomainImpl,True
SCF,RTF,Src\RTF\SmartClient\SmartClient.AddIns\SmartClient.Addins.csproj,Inspur.GSP.Rtf.SmartClient.Addins,40DomainImpl,True
SCF,RTF,Src\RTF\SmartClient\SmartClient.FrameworkGui\SmartClient.Gui.csproj,Inspur.GSP.Rtf.SmartClient.Gui,40DomainImpl,True
SCF,RTF,Src\RTF\SmartClient\SmartClient.PortalAddins\SmartClient.PortalAddins.csproj,Inspur.GSP.Rtf.SmartClient.PortalAddins,40DomainImpl,True
SCF,RTF,Src\RTF\SmartClient\SmartClient.RemoteClient\SmartClient.RemoteClient.csproj,Inspur.GSP.Rtf.SmartClient.RemoteClient,40DomainImpl,True
SCF,RTF,Src\RTF\SmartClient\SmartClient.Service\SmartClient.Service.csproj,Inspur.GSP.Rtf.SmartClient.Service,40DomainImpl,True
SCF,RTF,Src\RTF\SmartClient\Splash\Splash.Host\Splash.Host.csproj,Inspur.GSP.Rtf.SmartClient.SplashHost,40DomainImpl,True
SCF,RTF,Src\RTF\SmartClient\Splash\Splash.Service\Splash.Service.csproj,Inspur.GSP.Rtf.SmartClient.SplashService,40DomainImpl,True
SCF,RTF,Src\RTF\SmartClient\Update.LocalClient\ClientUpdate.LocalClient.csproj,Inspur.GSP.Rtf.ClientUpdate.LocalClient,40DomainImpl,True
SCF,RTF,Src\RTF\SmartClient\Update.VersionService\ClientUpdate.VersionService.csproj,Inspur.GSP.Rtf.ClientUpdate.VersionService,40DomainImpl,True
DIP,SVC,Src\SVC\Asynch\AsynchronousClientUI\AsynClientUI.csproj,Inspur.GSP.Svc.Asynch.ClientUI,40DomainImpl,True
DIP,SVC,Src\SVC\Asynch\AsynchronousCommon\AsynCommon.csproj,Inspur.GSP.Svc.Asynch.Common,40DomainImpl,True
DIP,SVC,Src\SVC\Asynch\AsynchronousCore\AsynCore.csproj,Inspur.GSP.Svc.Asynch.Core,40DomainImpl,True
DIP,SVC,Src\SVC\Asynch\AsynchronousLocalClient\AsynLocalClient.csproj,Inspur.GSP.Svc.Asynch.LocalClient,40DomainImpl,True,x86
DIP,SVC,Src\SVC\Asynch\AsynchronousLogCore\AsynLogCore.csproj,Inspur.GSP.Svc.Asynch.LogCore,40DomainImpl,True
DIP,SVC,Src\SVC\Asynch\AsynchronousLogic\AsynLogic.csproj,Inspur.GSP.Svc.Asynch.Logic,40DomainImpl,True
DIP,SVC,Src\SVC\Asynch\AsynchronousLogService\AsynLogService.csproj,Inspur.GSP.Svc.Asynch.LogService,40DomainImpl,True
DIP,SVC,Src\SVC\Asynch\AsynchronousManagerConsole\AsynManagerConsole.csproj,Inspur.GSP.Svc.Asynch.ManagerConsole,40DomainImpl,True
DIP,SVC,Src\SVC\Asynch\AsynchronousRemoteClient\AsynRemoteClient.csproj,Inspur.GSP.Svc.Asynch.RemoteClient,40DomainImpl,True
DIP,SVC,Src\SVC\Asynch\AsynchronousTask\AsynTask.csproj,Inspur.GSP.Svc.Asynch.Task,40DomainImpl,True
SCF,SVC,Src\SVC\BillPrint\Svc.BillPrint.ClientAgent\Svc.BillPrint.ClientAgent.csproj,Inspur.GSP.Svc.BillPrint.ClientAgent,40DomainImpl,True
SCF,SVC,Src\SVC\BillPrint\Svc.BillPrint.Core\Svc.BillPrint.Core.csproj,Inspur.GSP.Svc.BillPrint.Core,40DomainImpl,True
SCF,SVC,Src\SVC\BillPrint\Svc.BillPrint.Ext\Svc.BillPrint.Ext.csproj,Inspur.GSP.Svc.BillPrint.Ext,40DomainImpl,True
SCF,SVC,Src\SVC\BillPrint\Svc.PrintService.LocalClient\Svc.PrintService.LocalClient.csproj,Inspur.GSP.Svc.PrintService.LocalClient,40DomainImpl,True
SCF,SVC,Src\SVC\BillPrint\Svc.PrintService.WindowService\Svc.PrintService.WindowService.csproj,Inspur.GSP.Svc.PrintService.WindowService,40DomainImpl,True
SCF,SVC,Src\SVC\BizChangeLogging\Core\BizChangeLogging.Core.csproj,Inspur.GSP.Svc.BizChangeLogging.Core,40DomainImpl,True
SCF,SVC,Src\SVC\BizChangeLogging\LocalClient\BizChangeLogging.LocalClient.csproj,Inspur.GSP.Svc.BizChangeLogging.LocalClient,40DomainImpl,True
SCF,SVC,Src\SVC\BizChangeLogging\RemoteClient\BizChangeLogging.RemoteClient.csproj,Inspur.GSP.Svc.BizChangeLogging.RemoteClient,40DomainImpl,True
SCF,SVC,Src\SVC\BizEvent\BizEvent\BizEventBroker\BizEventBroker.csproj,Inspur.GSP.Svc.BizEvent.Broker,40DomainImpl,True
SCF,SVC,Src\SVC\BizEvent\BizEventClient\BizEventClient.csproj,Inspur.GSP.Svc.BizEvent.RemoteClient,40DomainImpl,True
SCF,SVC,Src\SVC\BizEvent\BizEventCore\BizEventCore.csproj,Inspur.GSP.Svc.BizEvent.Core,40DomainImpl,True
SCF,SVC,Src\SVC\BizEvent\BizEventLocalClient\BizEventLocalClient.csproj,Inspur.GSP.Svc.BizEvent.LocalClient,40DomainImpl,True
ADP,SVC,Src\SVC\BusinessObject\Core\BusinessObjectCore.csproj,Inspur.GSP.Svc.BusinessObject.Core,40DomainImpl,True
ADP,SVC,Src\SVC\BusinessObject\LocalClient\BusinessObjectLocalClient.csproj,Inspur.GSP.Svc.BusinessObject.LocalClient,40DomainImpl,True
ADP,SVC,Src\SVC\BusinessObject\RemoteClient\BusinessObjectRemoteClient.csproj,Inspur.GSP.Svc.BusinessObject.RemoteClient,40DomainImpl,True
ADP,SVC,Src\SVC\BusinessObject\UI\BusinessObjectUI.csproj,Inspur.GSP.Svc.BusinessObject.UI,40DomainImpl,True
SCF,SVC,Src\SVC\ClientDataCache\CacheAddIn\CacheAddIn.csproj,Inspur.GSP.Svc.ClientCaching.AddIn,40DomainImpl,True
SCF,SVC,Src\SVC\ClientDataCache\CacheClient\CacheClient.csproj,Inspur.GSP.Svc.ClientCaching.Client,40DomainImpl,True
SCF,SVC,Src\SVC\ClientDataCache\CacheCore\CacheCore.csproj,Inspur.GSP.Svc.ClientCaching.Core,40DomainImpl,True
SCF,SVC,Src\SVC\ClientDataCache\CacheLocalClient\CacheLocalClient.csproj,Inspur.GSP.Svc.ClientCaching.LocalClient,40DomainImpl,True
SCF,SVC,Src\SVC\ClientDataCache\CacheManagement\CacheManagement.csproj,Inspur.GSP.Svc.ClientCaching.Management,40DomainImpl,True
SCF,SVC,Src\SVC\ClientDataCache\CacheRemoteClient\CacheRemoteClient.csproj,Inspur.GSP.Svc.ClientCaching.RemoteClient,40DomainImpl,True
SCF,SVC,Src\SVC\ClientDataCache\CacheTransfer\CacheTransfer.csproj,Inspur.GSP.Svc.ClientCaching.Transfer,40DomainImpl,True
SCF,SVC,Src\SVC\ClientDataCache\CacheUI\CacheUI.csproj,Inspur.GSP.Svc.ClientCaching.UI,40DomainImpl,True
SCF,SVC,Src\SVC\DataChangeCapture\DeleteData\Core\DeleteData.Core.csproj,Inspur.GSP.Svc.DeleteData.Core,40DomainImpl,True
SCF,SVC,Src\SVC\DataChangeCapture\DeleteData\LocalClient\DeleteData.LocalClient.csproj,Inspur.GSP.Svc.DeleteData.LocalClient,40DomainImpl,True
SCF,SVC,Src\SVC\DataChangeCapture\DeleteData\RemoteClient\DeleteData.RemoteClient.csproj,Inspur.GSP.Svc.DeleteData.RemoteClient,40DomainImpl,True
SCF,SVC,Src\SVC\DataChangeCapture\DeleteData\UI\DeleteData.UI.csproj,Inspur.GSP.Svc.DeleteData.UI,40DomainImpl,True
SCF,SVC,Src\SVC\DataSource\DataSource.Core\DataSourceCore.csproj,Inspur.GSP.Svc.DataSource.Core,40DomainImpl,True
SCF,SVC,Src\SVC\DataSource\DataSource.LocalClient\DataSource.LocalClient.csproj,Inspur.GSP.Svc.DataSource.LocalClient,40DomainImpl,True
SCF,SVC,Src\SVC\DataSource\DataSource.RemoteClient\DataSource.RemoteClient.csproj,Inspur.GSP.Svc.DataSource.RemoteClient,40DomainImpl,True
SCF,SVC,Src\SVC\DataSource\DataSource.UI\DataSource.UI.csproj,Inspur.GSP.Svc.DataSource.UI,40DomainImpl,True
SCF,SVC,Src\SVC\EarlyWarning\EarlyWarning.Engine\EarlyWarning.Engine.csproj,Inspur.GSP.Svc.EarlyWarning.Engine,40DomainImpl,True
SCF,SVC,Src\SVC\EarlyWarning\EarlyWarning.RemoteClient\EarlyWarning.RemoteClient.csproj,Inspur.GSP.Svc.EarlyWarning.RemoteClient,40DomainImpl,True
SCF,SVC,Src\SVC\EarlyWarning\EarlyWarning.UI\EarlyWarning.UI.csproj,Inspur.GSP.Svc.EarlyWarning.UI,40DomainImpl,True
SCF,SVC,Src\SVC\Expression\Svc.Expression.Semantic\Svc.Expression.Semantic.csproj,Inspur.GSP.Svc.Expression.Semantic,40DomainImpl,True
SCF,SVC,Src\SVC\Expression\Svc.Expression.SemanticDesigner\Svc.Expression.SemanticDesigner.csproj,Inspur.GSP.Svc.Expression.SemanticDesigner,40DomainImpl,True
SCF,SVC,Src\SVC\Expression\Svc.Expression.SemanticUtils\Svc.Expression.SemanticUtils.csproj,Inspur.GSP.Svc.Expression.SemanticUtils,40DomainImpl,True
SCF,SVC,Src\SVC\Expression\Svc.Expression.Variable\Svc.Expression.Variable.csproj,Inspur.GSP.Svc.Expression.Variable,40DomainImpl,True
SCF,SVC,Src\SVC\Expression\Svc.Expression.VariableDesigner\Svc.Expression.VariableDesigner.csproj,Inspur.GSP.Svc.Expression.VariableDesigner,40DomainImpl,True
SCF,SVC,Src\SVC\LockService\CCMCore\CCMCore.csproj,Inspur.GSP.Svc.LockService.Core,40DomainImpl,True
SCF,SVC,Src\SVC\LockService\CcmLocalClient\CcmLocalClient.csproj,Inspur.GSP.Svc.LockService.LocalClient,40DomainImpl,True
SCF,SVC,Src\SVC\LockService\CcmManagerUI\CcmManager.UI.csproj,Inspur.GSP.Svc.LockService.ManagerUI,40DomainImpl,True
SCF,SVC,Src\SVC\LockService\CcmRemoteClient\CcmRemoteClient.csproj,Inspur.GSP.Svc.LockService.RemoteClient,40DomainImpl,True
SCF,SVC,Src\SVC\Message\Message.Engine\Message.Engine.csproj,Inspur.GSP.Svc.Message.Engine,40DomainImpl,True
SCF,SVC,Src\SVC\Message\Message.LocalClient\Message.LocalClient.csproj,Inspur.GSP.Svc.Message.LocalClient,40DomainImpl,True
SCF,SVC,Src\SVC\Message\Message.RemoteClient\Message.RemoteClient.csproj,Inspur.GSP.Svc.Message.RemoteClient,40DomainImpl,True
DIP,SVC,Src\SVC\MessageQueue\AmqAgent\AmqAgent.csproj,Inspur.GSP.Svc.MQ.AmqAgent,40DomainImpl,True
DIP,SVC,Src\SVC\MessageQueue\AmqAgentClient\AmqAgentClient.csproj,Inspur.GSP.Svc.MQ.AmqAgentClient,40DomainImpl,True
DIP,SVC,Src\SVC\MessageQueue\GmqAdminCore\GmqAdminCore.csproj,Inspur.GSP.Svc.MQ.Admin.Core,40DomainImpl,True
DIP,SVC,Src\SVC\MessageQueue\GmqConsole\GmqConsole.csproj,Inspur.GSP.Svc.MQ.Listener.GmqConsole,40DomainImpl,True
DIP,SVC,Src\SVC\MessageQueue\GmqEntity\GmqEntity.csproj,Inspur.GSP.Svc.MQ.GmqEntity,40DomainImpl,True
DIP,SVC,Src\SVC\MessageQueue\GmqLocalClient\GmqLocalClient.csproj,Inspur.GSP.Svc.MQ.Admin.LocalClient,40DomainImpl,True
DIP,SVC,Src\SVC\MessageQueue\GmqRemoteClient\GmqRemoteClient.csproj,Inspur.GSP.Svc.MQ.Admin.RemoteClient,40DomainImpl,True
DIP,SVC,Src\SVC\MessageQueue\GmqService\GmqService.csproj,Inspur.GSP.Svc.MQ.Listener.GmqService,40DomainImpl,True
DIP,SVC,Src\SVC\MessageQueue\GmqUI\GmqUI.csproj,Inspur.GSP.Svc.MQ.UI,40DomainImpl,True
ADP,SVC,Src\SVC\Numbering\Designer\NumberingDesigner.csproj,Inspur.GSP.Svc.Numbering.Designer,40DomainImpl,True
ADP,SVC,Src\SVC\Numbering\DTManager\NumberingDTManager.csproj,Inspur.GSP.Svc.Numbering.DTManager,40DomainImpl,True
ADP,SVC,Src\SVC\Numbering\LocalClient\NumberingLocalClient.csproj,Inspur.GSP.Svc.Numbering.LocalClient,40DomainImpl,True
ADP,SVC,Src\SVC\Numbering\RemoteClient\NumberingRemoteClient.csproj,Inspur.GSP.Svc.Numbering.RemoteClient,40DomainImpl,True
ADP,SVC,Src\SVC\Numbering\RTManager\NumberingRTManager.csproj,Inspur.GSP.Svc.Numbering.RTManager,40DomainImpl,True
ADP,SVC,Src\SVC\Print\Designer\PrintDesigner.csproj,Inspur.GSP.Svc.Print.Designer,40DomainImpl,True
ADP,SVC,Src\SVC\Print\DTManager\PrintDTManager.csproj,Inspur.GSP.Svc.Print.DTManager,40DomainImpl,True
ADP,SVC,Src\SVC\Print\LocalClient\PrintLocalClient.csproj,Inspur.GSP.Svc.Print.LocalClient,40DomainImpl,True
ADP,SVC,Src\SVC\Print\RemoteClient\PrintRemoteClient.csproj,Inspur.GSP.Svc.Print.RemoteClient,40DomainImpl,True
ADP,SVC,Src\SVC\Print\RTManager\PrintRTManager.csproj,Inspur.GSP.Svc.Print.RTManager,40DomainImpl,True
SCF,SVC,Src\SVC\Schedule\GSPScheduler\GSPScheduler.csproj,Inspur.GSP.Svc.Schedule.GSPScheduler,40DomainImpl,True
SCF,SVC,Src\SVC\Schedule\GSPSchedulerAPI\GSPSchedulerAPI.csproj,Inspur.GSP.Svc.Schedule.GSPSchedulerAPI,40DomainImpl,True
SCF,SVC,Src\SVC\Schedule\GSPSchedulerClientSPI\GSPSchedulerClientAPI.csproj,Inspur.GSP.Svc.Schedule.ClientAPi,40DomainImpl,True
SCF,SVC,Src\SVC\Schedule\GSPSchedulerConsole\GSPSchedulerConsole.csproj,Inspur.GSP.Svc.Schedule.GSPSchedulerConsole,40DomainImpl,True
SCF,SVC,Src\SVC\Schedule\GSPSchedulerCore\GSPSchedulerCore.csproj,Inspur.GSP.Svc.Schedule.GSPSchedulerCore,40DomainImpl,True
SCF,SVC,Src\SVC\Schedule\GSPSchedulerDistributer\GSPSchedulerDistributer.csproj,Inspur.GSP.Svc.Schedule.GSPSchedulerDistributer,40DomainImpl,True
SCF,SVC,Src\SVC\Schedule\GSPScheduleRestFulCient\GSPScheduleRestFulClient.csproj,Inspur.GSP.Svc.Schedule.RestFulClient,40DomainImpl,True
SCF,SVC,Src\SVC\Schedule\GSPScheduleRestFulService\GSPScheduleRestFulService.csproj,Inspur.GSP.Svc.Schedule.RestFulService,40DomainImpl,True
SCF,SVC,Src\SVC\Schedule\GSPSchedulerJobExecuteEngine\GSPSchedulerJobExecuteEngine.csproj,Inspur.GSP.Svc.Schedule.JobExecuteEngine,40DomainImpl,True
SCF,SVC,Src\SVC\Schedule\GSPSchedulerLogCore\GSPSchedulerLogCore.csproj,Inspur.GSP.Svc.Schedule.LogCore,40DomainImpl,True
SCF,SVC,Src\SVC\Schedule\GSPSchedulerLogService\GSPSchedulerLogService.csproj,Inspur.GSP.Svc.Schedule.LogService,40DomainImpl,True
SCF,SVC,Src\SVC\Schedule\GSPSchedulerServerAPI\GSPSchedulerServerAPI.csproj,Inspur.GSP.Svc.Schedule.ServerApi,40DomainImpl,True
SCF,SVC,Src\SVC\Schedule\GSPSchedulerService\GSPSchedulerService.csproj,Inspur.GSP.Svc.Schedule.Service,40DomainImpl,True
SCF,SVC,Src\SVC\Schedule\GSPSchedulerSPI\GSPSchedulerServiceApi.csproj,Inspur.GSP.Svc.Scheduler.ServiceApi,40DomainImpl,True
SCF,SVC,Src\SVC\Schedule\GSPSchedulerWebServiceClient\GSPSchedulerRemoteClient.csproj,Inspur.GSP.Svc.Scheduler.RemoteClient,40DomainImpl,True
SCF,SVC,Src\SVC\Schedule\GSPScheduleServiceConsole\GSPScheduleServiceConsole.csproj,Inspur.GSP.Svc.Scheduler.Console,40DomainImpl,True
SCF,SVC,Src\SVC\Schedule\GSPScheduleServiceWebServiceClient\GSPScheduleServiceRemoteClient.csproj,Inspur.GSP.Svc.Schedule.ServiceRemoteClient,40DomainImpl,True
SCF,SVC,Src\SVC\Schedule\GSPScheduleWebService\GSPScheduleWebService.csproj,Inspur.GSP.Svc.Schedule.WebService,40DomainImpl,True
SCF,SVC,Src\SVC\TempObject\TempObjectImpl\TempObjectImpl.csproj,Inspur.GSP.Svc.TempObject.Manager,40DomainImpl,True
SCF,SVC,Src\SVC\UniFileManager\Svc.UniFileMgr.Core\Svc.UniFileMgr.Core.csproj,Inspur.GSP.Svc.UniFileMgr.Core,40DomainImpl,True
SCF,SVC,Src\SVC\UniFileManager\Svc.UniFileMgr.LocalClient\Svc.UniFileMgr.LocalClient.csproj,Inspur.GSP.Svc.UniFileMgr.LocalClient,40DomainImpl,True
SCF,SVC,Src\SVC\UniFileManager\Svc.UniFileMgr.RemoteClient\Svc.UniFileMgr.RemoteClient.csproj,Inspur.GSP.Svc.UniFileMgr.RemoteClient,40DomainImpl,True
SCF,SVC,Src\SVC\UniFileManager\Svc.UniFileMgr.WebPage\Svc.UniFileMgr.WebPage.csproj,Inspur.GSP.Svc.UniFileMgr.WebPage,40DomainImpl,True
SCF,SYS,Src\SYS\Admin\Audit\AuditCore\GspAuditCore.csproj,Inspur.GSP.Sys.Audit.Core,40DomainImpl,True
SCF,SYS,Src\SYS\Admin\Audit\GSPAuditController\GSPAuditController.csproj,Inspur.GSP.Sys.Audit.Controller,40DomainImpl,True
SCF,SYS,Src\SYS\Admin\Audit\GSPAuditLocalClient\GSPAuditLocalClient.csproj,Inspur.GSP.Sys.Audit.LocalClient,40DomainImpl,True
SCF,SYS,Src\SYS\Admin\Audit\GspAuditManagerSPI\GspAuditManagerAPI.csproj,Inspur.GSP.Sys.Audit.ManagerApi,40DomainImpl,True
SCF,SYS,Src\SYS\Admin\Audit\GSPAuditUI\GSPAuditUI.csproj,Inspur.GSP.Sys.Audit.UI,40DomainImpl,True
SCF,SYS,Src\SYS\Admin\Audit\GSPAuditWebServiceClient\GSPAuditRemoteClient.csproj,Inspur.GSP.Sys.Audit.RemoteClient,40DomainImpl,True
SCF,SYS,Src\SYS\Admin\UserState\GSPStakeoutCore\GSPUserStateCore.csproj,Inspur.GSP.Sys.UserState.Core,40DomainImpl,True
SCF,SYS,Src\SYS\Admin\UserState\GSPStakeoutLocalClient\GSPUserStateLocalClient.csproj,Inspur.GSP.Sys.UserState.LocalClient,40DomainImpl,True
SCF,SYS,Src\SYS\Admin\UserState\GSPStakeoutWebServiceClient\GSPUserStateRemoteClient.csproj,Inspur.GSP.Sys.UserState.RemoteClient,40DomainImpl,True
SCF,SYS,Src\SYS\Admin\UserState\GSPUStateController\GSPUserStateController.csproj,Inspur.GSP.Sys.UserState.GSPStateController,40DomainImpl,True
SCF,SYS,Src\SYS\Context\CustomVariable\CustomVariableCommon\CustomVariableCommon.csproj,Inspur.GSP.Sys.Context.CustomVariable.Common,40DomainImpl,True
SCF,SYS,Src\SYS\Context\CustomVariable\CustomVariableCore\CustomVariableCore.csproj,Inspur.GSP.Sys.Context.CustomVariable.Core,40DomainImpl,True
SCF,SYS,Src\SYS\Context\CustomVariable\CustomVariableLocalClient\CustomVariableLocalClient.csproj,Inspur.GSP.Sys.Context.CustomVariable.LocalClient,40DomainImpl,True
SCF,SYS,Src\SYS\Context\CustomVariable\CustomVariableRemoteClient\CustomVariableRemoteClient.csproj,Inspur.GSP.Sys.Context.CustomVariable.RemoteClient,40DomainImpl,True
SCF,SYS,Src\SYS\Context\CustomVariable\CustomVariableUI\CustomVariableUI.csproj,Inspur.GSP.Sys.Context.CustomVariable.UI,40DomainImpl,True
SCF,SYS,Src\SYS\RAC\LogicPartition\GSPLogicPartitionCore\GSPLogicPartitionCore.csproj,Genersoft.Platform.Security.LogicPartitionCore,40DomainImpl,True
SCF,SYS,Src\SYS\RAC\LogicPartition\GSPLogicPartitionLocalClient\GSPLogicPartitionLocalClient.csproj,Genersoft.Platform.Security.LogicPartitionLocalClient,40DomainImpl,True
SCF,SYS,Src\SYS\RAC\LogicPartition\GSPLogicPartitionUI\GSPLogicPartitionUI.csproj,Genersoft.Platform.Security.LogicPartitionUI,40DomainImpl,True
SCF,SYS,Src\SYS\RAC\LogicPartition\GSPLogicPartitionWebService\GSPLogicPartitionWebService.csproj,Genersoft.Platform.Security.LogicPartitionWebService,40DomainImpl,True
SCF,SYS,Src\SYS\RAC\LogicPartition\GSPLogicPartitionWebServiceClient\GSPLogicPartitionWebServiceClient.csproj,Genersoft.Platform.Security.LogicPartitionWebServiceClient,40DomainImpl,True
SCF,SYS,Src\SYS\RAC\Security\AuthorizationCore\AuthorizationCore.csproj,Genersoft.Platform.Security.AuthorizationCore,40DomainImpl,True
SCF,SYS,Src\SYS\RAC\Security\AuthorizationLocalClient\AuthorizationLocalClient.csproj,Genersoft.Platform.Security.AuthorizationLocalClient,40DomainImpl,True
SCF,SYS,Src\SYS\RAC\Security\AuthorizationUI\AuthorizationUI.csproj,Genersoft.Platform.Security.AuthorizationUI,40DomainImpl,True
SCF,SYS,Src\SYS\RAC\Security\AuthorizationWebService\AuthorizationWebService.csproj,Genersoft.Platform.Security.AuthorizationWebService,40DomainImpl,True
SCF,SYS,Src\SYS\RAC\Security\AuthorizationWebServiceClient\AuthorizationWebServiceClient.csproj,Genersoft.Platform.Security.AuthorizationWebServiceClient,40DomainImpl,True
SCF,SYS,Src\SYS\SysBase\SysManager\GSPSysManagerCore\GSPSysManagerCore.csproj,Genersoft.Platform.Security.SysManagerCore,40DomainImpl,True
SCF,SYS,Src\SYS\SysBase\SysManager\GSPSysManagerLocalClient\GSPSysManagerLocalClient.csproj,Genersoft.Platform.Security.SysManagerLocalClient,40DomainImpl,True
SCF,SYS,Src\SYS\SysBase\SysManager\GSPSysManagerUI\GSPSysManagerUI.csproj,Genersoft.Platform.Security.SysManagerUI,40DomainImpl,True
SCF,SYS,Src\SYS\SysBase\SysManager\GSPSysManagerWebService\GSPSysManagerWebService.csproj,Genersoft.Platform.Security.SysManagerWebService,40DomainImpl,True
SCF,SYS,Src\SYS\SysBase\SysManager\GSPSysManagerWebServiceClient\GSPSysManagerWebServiceClient.csproj,Genersoft.Platform.Security.SysManagerWebServiceClient,40DomainImpl,True
SCF,SYS,Src\SYS\SysBase\SysManager\SysManagerExtController\SysManagerExtController.csproj,Genersoft.Platform.Security.SysManagerExtController,40DomainImpl,True
SCF,Tools,Src\Tools\LogViewer\Tools.DBLogViewer.Api\Tools.DBLogViewer.Api.csproj,Inspur.GSP.Tools.DBLogViewer.Api,40DomainImpl,True
SCF,Tools,Src\Tools\LogViewer\Tools.DBLogViewer.Core\Tools.DBLogViewer.Core.csproj,Inspur.GSP.Tools.DBLogViewer.Core,40DomainImpl,True
SCF,Tools,Src\Tools\LogViewer\Tools.DBLogViewer\Tools.DBLogViewer.csproj,GSPDBLogViewer,40DomainImpl,True
SCF,Tools,Src\Tools\LogViewer\Tools.DBLogViewer\UI\Genersoft.Platform.DBLogViewer.UI.csproj,Genersoft.Platform.DBLogViewer.UI,40DomainImpl,False
SCF,Tools,Src\Tools\ResourceEditor\src\Resourcer.csproj,ResourceEditor,40DomainImpl,True
SCF,Tools,Src\Tools\SqlProfiler\Common\Common.csproj,Inspur.GSP.Tools.DBProfiler.Common,40DomainImpl,True
SCF,Tools,Src\Tools\SqlProfiler\Viewer\Viewer.csproj,Inspur.GSP.Tools.DBProfiler.Viewer,40DomainImpl,True
SCF,Tools,Src\Tools\SqlProfiler\WindowsService\WindowService.csproj,Inspur.GSP.Tools.DBProfiler.WindowsService,40DomainImpl,True
WF,WF,Src\WF\Admin\GSP_WF_RunTimeAdminUI\Inspur.GSP.WF.Admin.UI.csproj,Inspur.GSP.WF.Admin.UI,40DomainImpl,True
WF,WF,Src\WF\BizProcess\GSP_WF_SystemInitUI\Inspur.GSP.WF.BusinessProcess.UI.csproj,Inspur.GSP.WF.BusinessProcess.UI,40DomainImpl,True
WF,WF,Src\WF\BizProcess\GSPWFBizProcessCore\Inspur.GSP.WF.BusinessProcess.Core.csproj,Inspur.GSP.WF.BusinessProcess.Core,40DomainImpl,True
WF,WF,Src\WF\BizProcess\Inspur.GSP.WF.BizProcess.LocalClient\Inspur.GSP.WF.BusinessProcess.LocalClient.csproj,Inspur.GSP.WF.BusinessProcess.LocalClient,40DomainImpl,True
WF,WF,Src\WF\BizProcess\Inspur.GSP.WF.BizProcess.RemoteClient\Inspur.GSP.WF.BusinessProcess.RemoteClient.csproj,Inspur.GSP.WF.BusinessProcess.RemoteClient,40DomainImpl,True
WF,WF,Src\WF\Common\GSP_Utils\Inspur.GSP.WF.Common.ClientUtils.csproj,Inspur.GSP.WF.Common.ClientUtils,40DomainImpl,True
WF,WF,Src\WF\Common\GSP_WF_CommonUI\Inspur.GSP.WF.Common.ComponentUI.csproj,Inspur.GSP.WF.Common.ComponentUI,40DomainImpl,True
WF,WF,Src\WF\Common\GSP_WF_ProcessStateViewer\Inspur.GSP.WF.Common.ProcessStateViewer.csproj,Inspur.GSP.WF.Common.ProcessStateViewer,40DomainImpl,True
WF,WF,Src\WF\Common\GSP_WF_Validator\Inspur.GSP.WF.Common.Validator.csproj,Inspur.GSP.WF.Common.Validator,40DomainImpl,True
WF,WF,Src\WF\Common\Inspur.GSP.WF.Common.LocalClient\Inspur.GSP.WF.Common.LocalClient.csproj,Inspur.GSP.WF.Common.LocalClient,40DomainImpl,True
WF,WF,Src\WF\Common\Inspur.GSP.WF.Common.RemoteClient\Inspur.GSP.WF.Common.RemoteClient.csproj,Inspur.GSP.WF.Common.RemoteClient,40DomainImpl,True
WF,WF,Src\WF\Common\Inspur.GSP.WF.Common.ServerUtils\Inspur.GSP.WF.Common.ServerUtils.csproj,Inspur.GSP.WF.Common.ServerUtils,40DomainImpl,True
WF,WF,Src\WF\DesignTime\GSP_WF_Template\Inspur.GSP.WF.DesignTime.Template.csproj,Inspur.GSP.WF.DesignTime.Template,40DomainImpl,True
WF,WF,Src\WF\DesignTime\GSP_WorkflowDesigner\Inspur.GSP.WF.DesignTime.Designer.csproj,Inspur.GSP.WF.DesignTime.Designer,40DomainImpl,True
WF,WF,Src\WF\DesignTime\GSPWFDesignTimeCore\Inspur.GSP.WF.DesignTime.Core.csproj,Inspur.GSP.WF.DesignTime.Core,40DomainImpl,True
WF,WF,Src\WF\DesignTime\Inspur.GSP.WF.DesignTime.LocalClient\Inspur.GSP.WF.DesignTime.LocalClient.csproj,Inspur.GSP.WF.DesignTime.LocalClient,40DomainImpl,True
WF,WF,Src\WF\DesignTime\Inspur.GSP.WF.DesignTime.RemoteClient\Inspur.GSP.WF.DesignTime.RemoteClient.csproj,Inspur.GSP.WF.DesignTime.RemoteClient,40DomainImpl,True
WF,WF,Src\WF\Runtime\GSP_WorkflowClient\Inspur.GSP.WF.Runtime.LocalClient.csproj,Inspur.GSP.WF.Runtime.LocalClient,40DomainImpl,True
WF,WF,Src\WF\Runtime\GSP_WorkflowEngine\Inspur.GSP.WF.Runtime.Engine.csproj,Inspur.GSP.WF.Runtime.Engine,40DomainImpl,True
WF,WF,Src\WF\Runtime\GSP_WorkflowServer\Inspur.GSP.WF.Runtime.ParticipantParser.csproj,Inspur.GSP.WF.Runtime.ParticipantParser,40DomainImpl,True
WF,WF,Src\WF\Runtime\GSP_WorkflowWebServiceClient\Inspur.GSP.WF.Runtime.RemoteClient.csproj,Inspur.GSP.WF.Runtime.RemoteClient,40DomainImpl,True
WF,WF,Src\WF\TaskCenter\GSP_WF_TaskUI\Inspur.GSP.WF.TaskCenter.WinformUI.csproj,Inspur.GSP.WF.TaskCenter.WinformUI,40DomainImpl,True
SCF,Tools,Src\Tools\50Patch\Src\20PatchProducer\GSPPatchSPI\GSPPatchManagerApi.csproj,Inspur.GSP.Patch.ManagerApi,50Application,True
SCF,Tools,Src\Tools\50Patch\Src\30PatchInstall\GSPPatchConsistency\GSPPatchConsistency.csproj,Genersoft.Platform.GSPPatch.PatchConsistency,50Application,True
SCF,Tools,Src\Tools\50Patch\Src\30PatchInstall\GSPPatchInfoDAC\GSPPatchInfoLocalClient.csproj,Genersoft.Platform.GSPPatch.GSPPatchInfoLocalClient,50Application,True
SCF,Tools,Src\Tools\50Patch\Src\30PatchInstall\GSPPatchInfoWebservice\GSPPatchInfoWebservice.csproj,Genersoft.Platform.GSPPatch.GSPPatchInfoWebservice,50Application,True
SCF,Tools,Src\Tools\50Patch\Src\30PatchInstall\GSPPatchInfoWebServiceClient\GSPPatchInfoWebServiceClient.csproj,Genersoft.Platform.GSPPatch.GSPPatchInfoWebServiceClient,50Application,True
SCF,Tools,Src\Tools\50Patch\Src\30PatchInstall\GSPPatchInstallSPI\GSPPatchInstallManagerApi.csproj,Inspur.GSP.Patch.InstallManagerApi,50Application,True
SCF,Tools,Src\Tools\50Patch\Src\30PatchInstall\GSPPatchLogging\GSPPatchLogging.csproj,Genersoft.Platform.GSPPatch.GSPPatchLogging,50Application,True